symbol,source_name,lag,lag_label,n_observations,coefficient,std_error,t_statistic,p_value,r_squared,r_squared_pct,correlation,significant_05,significant_10
AA,American,0,t-0 (contemporaneous),57,-1.4952715334418887,2.954431350001878,-0.5061114496503492,0.6148011276139221,0.004635661460895224,0.4635661460895224,-0.06808569204241927,False,False
AA,American,1,t-1,56,0.36120532080324574,2.882062882143271,0.12532874388036677,0.9007287273166411,0.00029079123146746877,0.029079123146746877,0.017052601897295558,False,False
AA,American,2,t-2,55,-0.3089433289606646,2.812249153424761,-0.10985631503682133,0.9129382447525924,0.00022765401002911023,0.022765401002911023,-0.015088207648001856,False,False
AA,American,3,t-3,54,-6.201164911843972,2.7783626714493312,-2.231949405154201,0.029952254519270815,0.08742468286519511,8.742468286519511,-0.29567665255341946,True,True
AA,American,4,t-4,53,-3.8029625840477657,2.8895044660776232,-1.3161296785293162,0.19401554135968702,0.032848950326161086,3.2848950326161086,-0.18124279385995246,False,False
AA,American,5,t-5,52,-4.615505245362763,2.8864010846315225,-1.5990519370082545,0.11610990152244968,0.048651344217000014,4.865134421700001,-0.2205704971590718,False,False
AA,American,6,t-6,51,0.35758546426766613,2.9910047618033233,0.11955362586988069,0.9053255879416917,0.0002916102337408022,0.02916102337408022,0.01707659900978571,False,False
AA,American,7,t-7,50,2.4446995154852047,2.9909955650452376,0.8173531061214494,0.41776532871322936,0.013726990891984703,1.3726990891984703,0.11716224175042242,False,False
AA,American,8,t-8,49,2.1974230327764808,3.102040274113376,0.708379917280264,0.48220806047743636,0.010563854105439807,1.0563854105439807,0.10278061152493566,False,False
AA,American,9,t-9,48,0.04572421937902593,3.1461453205740857,0.014533409846015158,0.9884672772548142,4.591718084645535e-06,0.0004591718084645535,0.002142829457646031,False,False
AA,American,10,t-10,47,-4.857200397891551,3.1152638574813207,-1.5591617981979153,0.12596402430329387,0.05125310989575649,5.125310989575649,-0.22639149695992652,False,False
AA,American,11,t-11,46,-1.0078925852068064,3.1468130236544067,-0.32028994974615194,0.75026466977679,0.0023260688776406413,0.23260688776406413,-0.0482293362761797,False,False
AA,American,12,t-12,45,6.621134221824237,3.0295664847663795,2.1855055022285854,0.03434596114478071,0.09997469192137443,9.997469192137443,0.31618774789889376,True,True
AA,American,13,t-13,44,1.4719836810494678,3.097351156428482,0.475239521355013,0.6370785500283422,0.005348680695284491,0.5348680695284491,0.07313467505420375,False,False
AA,American,14,t-14,43,-3.138617273664426,3.040373700869283,-1.0323129925663592,0.3079767111863202,0.025333487181294356,2.5333487181294356,-0.15916496844875833,False,False
AA,American,15,t-15,42,-4.284826936086899,3.054599429827328,-1.402745935930825,0.1684070096517012,0.046885970419547784,4.688597041954779,-0.21653168456267008,False,False
AA,American,16,t-16,41,0.7045039500180839,3.1754694208069916,0.22185820634955009,0.8255819282708238,0.0012604877225161903,0.12604877225161903,0.03550334804657222,False,False
AA,American,17,t-17,40,4.359683220023413,3.0093304412316515,1.4487220015091107,0.15561746386993802,0.05234061060312056,5.234061060312056,0.22878070417568083,False,False
AA,American,18,t-18,39,-1.4811959664074958,3.1019611909521787,-0.47750306184611796,0.6358127391160928,0.006124667397772621,0.6124667397772621,-0.0782602542659588,False,False
AA,American,19,t-19,38,-2.4612732149624517,3.126389578175589,-0.7872573629799307,0.4362838246007661,0.016924576130186386,1.6924576130186386,-0.1300944892383473,False,False
AA,American,20,t-20,37,0.7939036282872594,2.976009450741704,0.26676784513886426,0.7912134277616788,0.0020291622200514503,0.20291622200514503,0.045046223149692595,False,False
AA,American,21,t-21,36,-2.5673234916223713,2.9428959011261058,-0.8723799882421865,0.38912041917257856,0.021893668717842485,2.1893668717842485,-0.14796509290316637,False,False
AA,American,22,t-22,35,-0.45020286705689194,2.8382952059085906,-0.15861735104920974,0.8749370909277716,0.0007618271784954889,0.07618271784954889,-0.027601216974902178,False,False
AA,American,23,t-23,34,3.59922178433124,2.84302283623788,1.265984127336108,0.21465808426079017,0.04769602015793617,4.769602015793617,0.2183941852658538,False,False
AA,American,24,t-24,33,4.977441182174223,2.7651587661574997,1.8000562004224225,0.08159090879889903,0.09463151806038805,9.463151806038805,0.3076223627443032,False,True
AA,American,25,t-25,32,2.1281692240124044,2.9197984206551313,0.7288753939167126,0.4717300743015952,0.017400505296671587,1.7400505296671587,0.13191097489091533,False,False
AA,American,26,t-26,31,-1.1875133444087715,2.9414704949255333,-0.4037141784890944,0.6893844912387221,0.00558876730699398,0.558876730699398,-0.07475805847528498,False,False
AA,American,27,t-27,30,-2.8228436517809947,2.9142707449945706,-0.968627797067034,0.34102398708418635,0.03242214507293584,3.2422145072935837,-0.18006150358401338,False,False
AA,American,28,t-28,29,5.72714103135397,2.756760048975166,2.077489853889551,0.0473944679522486,0.13781993363496126,13.781993363496126,0.37124107212828894,True,True
AA,American,29,t-29,28,2.9913145902444915,2.961100351055036,1.0102037201065104,0.32170718563296685,0.0377680324074402,3.77680324074402,0.19433999178614755,False,False
AA,American,30,t-30,27,0.6169018358490406,3.0974549545172114,0.19916410243492783,0.8437453482922644,0.001584140106364762,0.1584140106364762,0.039801257597780054,False,False
AA,American,31,t-31,26,-3.733854123071477,3.013316435850952,-1.239117829992205,0.22728350556313942,0.06012877084888957,6.012877084888957,-0.24521168579186733,False,False
AA,American,32,t-32,25,-3.783666368182061,3.1014808346606157,-1.2199547796322574,0.2348440365244687,0.06077556598468292,6.077556598468292,-0.2465270086312716,False,False
AA,American,33,t-33,24,4.282091033225629,3.071763717501183,1.3940170621941659,0.17723405670544623,0.08116194940566102,8.116194940566102,0.2848893634477447,False,False
AA,American,34,t-34,23,2.0975080378007513,3.268292519758552,0.6417748794271654,0.5279631642828952,0.019235821054593316,1.9235821054593316,0.13869326247007518,False,False
AA,American,35,t-35,22,-5.5306849583412685,2.8958274983055827,-1.9098806685057736,0.07059640969285028,0.15424979088946766,15.424979088946767,-0.3927464715175272,False,True
AA,American,36,t-36,21,-7.382777703797841,2.651855605323808,-2.7840044114680818,0.011828431361294542,0.2897376963849161,28.97376963849161,-0.538272882825167,True,True
AA,American,37,t-37,20,-5.0480262091343775,2.951429036769173,-1.7103667905430233,0.10437829729977624,0.13979952167869703,13.979952167869703,-0.3738977422754742,False,False
AA,American,38,t-38,19,0.7875359878268177,3.0276873161730107,0.2601114004144461,0.7979020452769321,0.003964102213726783,0.39641022137267834,0.06296111668106533,False,False
AA,American,39,t-39,18,6.889300767995332,2.618312517525169,2.631198805292771,0.018151646254110223,0.30201738817667456,30.201738817667454,0.5495610868471991,True,True
AA,American,40,t-40,17,1.1333098874327874,2.8462961041079833,0.3981700589046626,0.6961145538042764,0.010458751444877623,1.0458751444877623,0.10226803725933928,False,False
AA,American,41,t-41,16,-0.7503359200832569,2.8934543712073406,-0.25932184296729277,0.7991612062593776,0.004780453085695635,0.4780453085695635,-0.06914082069006586,False,False
AA,American,42,t-42,15,-0.644598484640462,2.8366818940123903,-0.22723678886979437,0.8237741497122322,0.003956328234052009,0.3956328234052009,-0.06289935002885214,False,False
AA,American,43,t-43,14,3.2712522188351043,2.811373033925476,1.163578144685946,0.26720981160788004,0.1013870606606182,10.13870606606182,0.31841334874753335,False,False
AA,American,44,t-44,13,2.36544501585293,2.861255449810639,0.8267157747168214,0.42596770305004605,0.058497999076634,5.8497999076633995,0.2418635960136081,False,False
AA,American,45,t-45,12,1.736117194299618,3.116448977198154,0.5570818604771369,0.5897215522054873,0.030099899060028967,3.0099899060028967,0.1734932248245709,False,False
AA,American,46,t-46,11,-1.1326371321225768,3.2516378203428125,-0.34832819480589183,0.7356028248081823,0.013302062048546115,1.3302062048546115,-0.11533456571447312,False,False
AA,American,47,t-47,10,3.5283664479638412,2.7635241444597907,1.2767633874440278,0.23749681655415902,0.16927348193882552,16.92734819388255,0.4114285866816082,False,False
AA,American,48,t-48,9,3.173263593600187,2.994147728277174,1.0598219866145602,0.32441916929555553,0.1382730343155687,13.82730343155687,0.37185082266356295,False,False
ALGT,Allegiant Air,0,t-0 (contemporaneous),57,-2.808188627738489,1.5822176162605175,-1.7748434847890806,0.0814577459857939,0.0541713780954165,5.41713780954165,-0.23274745561534405,False,True
ALGT,Allegiant Air,1,t-1,56,-1.4952554304648609,1.5552503882296198,-0.9614242451126775,0.340624359150141,0.01682927162460024,1.682927162460024,-0.12972768256852607,False,False
ALGT,Allegiant Air,2,t-2,55,-1.6895099973933843,1.575287046234697,-1.0725092937390088,0.2883506550887918,0.021242295814399847,2.1242295814399847,-0.14574736983698838,False,False
ALGT,Allegiant Air,3,t-3,54,-4.584378383895513,1.522411529746859,-3.0112609464129494,0.004009435077492503,0.14848591977278225,14.848591977278225,-0.38533870785684426,True,True
ALGT,Allegiant Air,4,t-4,53,-3.9973600405450047,1.5830021465956745,-2.5251766392999073,0.014715214476773156,0.11113461371374322,11.113461371374322,-0.3333685853732219,True,True
ALGT,Allegiant Air,5,t-5,52,-1.5615893587593073,1.7079443843066766,-0.9143092556806054,0.36494261665181604,0.01644429242123413,1.644429242123413,-0.1282353009948284,False,False
ALGT,Allegiant Air,6,t-6,51,-0.17505249396785283,1.749727523825975,-0.10004557371600406,0.9207163592328385,0.000204225973439498,0.0204225973439498,-0.014290765320288654,False,False
ALGT,Allegiant Air,7,t-7,50,0.2782368104330537,1.7714995229598423,0.15706287629599378,0.8758541017163266,0.0005136682408007909,0.05136682408007909,0.022664250281022487,False,False
ALGT,Allegiant Air,8,t-8,49,3.536810839180954,1.728631676847579,2.0460176025646266,0.04637250347529684,0.08178354730284743,8.178354730284742,0.28597822872178125,True,True
ALGT,Allegiant Air,9,t-9,48,2.1584676353567245,1.7972319419459457,1.2009955893726507,0.23590063588982577,0.03040298756783333,3.040298756783333,0.1743645249694823,False,False
ALGT,Allegiant Air,10,t-10,47,1.3472812279425368,1.8476024492092367,0.7292051536948143,0.46965473471096386,0.011678450117460604,1.1678450117460604,0.1080668779851663,False,False
ALGT,Allegiant Air,11,t-11,46,-0.8364569412377607,1.8944182092741229,-0.44153763785783223,0.6609861834729953,0.00441126104784495,0.441126104784495,-0.06641732490732444,False,False
ALGT,Allegiant Air,12,t-12,45,1.7450757502409127,1.9077467876179985,0.9147313268024443,0.3654338779301224,0.019087494330252586,1.9087494330252586,0.1381574982773381,False,False
ALGT,Allegiant Air,13,t-13,44,-0.8089883387936947,1.9553219341032226,-0.41373664596296994,0.6811721338147341,0.004059123322642577,0.4059123322642577,-0.0637112495768421,False,False
ALGT,Allegiant Air,14,t-14,43,-0.1349585341714155,2.062263881484091,-0.06544193271439819,0.9481401976093711,0.00010444388441865904,0.010444388441865904,-0.010219779078746471,False,False
ALGT,Allegiant Air,15,t-15,42,-0.929265511655002,2.141438633966452,-0.4339444973652044,0.6666604112037855,0.004685637116275454,0.4685637116275454,-0.06845171375704028,False,False
ALGT,Allegiant Air,16,t-16,41,-1.2071289080772303,2.243724340038595,-0.5380023234300102,0.5936326664769895,0.00736702921014587,0.736702921014587,-0.08583139990787794,False,False
ALGT,Allegiant Air,17,t-17,40,-1.6212442688363815,2.2342220742225662,-0.725641505176033,0.47250418187682885,0.013667341549621348,1.3667341549621348,-0.11690740588012943,False,False
ALGT,Allegiant Air,18,t-18,39,1.8870673991747304,2.2595688713028426,0.8351448911962874,0.4089965805054959,0.018501693747471126,1.8501693747471126,0.13602093128438303,False,False
ALGT,Allegiant Air,19,t-19,38,0.47679067967629996,2.318410387497816,0.20565413364580565,0.8382196347206858,0.0011734442632416187,0.11734442632416187,0.03425557273264495,False,False
ALGT,Allegiant Air,20,t-20,37,1.1206662481111898,2.2854513359099426,0.49034789343479995,0.6269477976822779,0.0068228730795338866,0.6822873079533887,0.08260068449797371,False,False
ALGT,Allegiant Air,21,t-21,36,-1.6983087986670995,2.339773745097147,-0.7258431727536911,0.47290205090738946,0.015259090742397174,1.5259090742397174,-0.12352769220865936,False,False
ALGT,Allegiant Air,22,t-22,35,-3.6573856720978934,2.407417840007582,-1.519215157135487,0.13823217793006315,0.06536801102226686,6.536801102226686,-0.25567168600036083,False,False
ALGT,Allegiant Air,23,t-23,34,-3.8345382439262043,2.439711329655906,-1.571718013240125,0.12585250972452786,0.07166452544256563,7.166452544256563,-0.2677023075032523,False,False
ALGT,Allegiant Air,24,t-24,33,-1.2094299864791385,2.4849797140130456,-0.4866961205594732,0.6298971204784242,0.007583125010782399,0.7583125010782399,-0.08708114038517294,False,False
ALGT,Allegiant Air,25,t-25,32,1.0025660532465963,2.4824533228628467,0.4038609886490853,0.6891794695343102,0.005407391088954938,0.5407391088954938,0.07353496507753997,False,False
ALGT,Allegiant Air,26,t-26,31,-2.602878664485049,2.5075530592236053,-1.0380153891104336,0.3078408212048009,0.035823350000905085,3.5823350000905085,-0.18927057352083304,False,False
ALGT,Allegiant Air,27,t-27,30,-2.188443098067646,2.5677209034445854,-0.8522900970786428,0.4012846002876431,0.025286790192818653,2.5286790192818653,-0.15901820711106793,False,False
ALGT,Allegiant Air,28,t-28,29,3.4232809497820593,2.576427461189953,1.3286929290068104,0.19507023607586157,0.0613731556462318,6.13731556462318,0.2477360604478724,False,False
ALGT,Allegiant Air,29,t-29,28,2.905448527034774,2.557642115069746,1.1359871304572817,0.26632500524251834,0.04728635724286434,4.728635724286434,0.2174542647152827,False,False
ALGT,Allegiant Air,30,t-30,27,3.2648129908449053,2.612340959129858,1.249765264918703,0.22295899459674795,0.058802737762666646,5.880273776266664,0.2424927581654065,False,False
ALGT,Allegiant Air,31,t-31,26,5.518252527990993,2.359702877391254,2.3385370170381967,0.028019830565205905,0.18557809142352577,18.55780914235258,0.4307877568171196,True,True
ALGT,Allegiant Air,32,t-32,25,1.141617740972862,2.702343720313269,0.42245467606190384,0.6766163881706038,0.007699730356895973,0.7699730356895973,0.08774810742629117,False,False
ALGT,Allegiant Air,33,t-33,24,-5.308208143824185,2.5563911828321646,-2.076445960020621,0.04974022075517096,0.16386777183006318,16.386777183006316,-0.4048058446095651,True,True
ALGT,Allegiant Air,34,t-34,23,-4.953218505815397,2.663527868407525,-1.859645834596368,0.07700306513024896,0.1413951536348328,14.13951536348328,-0.37602546939646625,False,True
ALGT,Allegiant Air,35,t-35,22,0.7136380866773926,3.014116945097802,0.2367652283160621,0.8152470824766103,0.0027950544405626054,0.27950544405626054,0.05286827442391906,False,False
ALGT,Allegiant Air,36,t-36,21,0.4332831561251025,3.1594274892748246,0.13713976902332797,0.8923631325351089,0.0009888798984625247,0.09888798984625247,0.03144646082570576,False,False
ALGT,Allegiant Air,37,t-37,20,-1.7484162795025222,3.280774523025892,-0.5329279007842148,0.6006019403756487,0.015533360246324568,1.5533360246324568,-0.12463290194135936,False,False
ALGT,Allegiant Air,38,t-38,19,1.7917790669702838,3.375605264912006,0.5308023084319343,0.6024220015998274,0.016303387842990347,1.6303387842990347,0.12768472047582796,False,False
ALGT,Allegiant Air,39,t-39,18,1.4159340796277977,3.36788486687089,0.4204223527817165,0.6797690960135038,0.010926477851292304,1.0926477851292304,0.10452979408423349,False,False
ALGT,Allegiant Air,40,t-40,17,1.094877444835503,3.713229304043054,0.2948585598102907,0.7721436529467963,0.005762703453732976,0.5762703453732976,0.07591247231998881,False,False
ALGT,Allegiant Air,41,t-41,16,0.5611189279496624,4.128815430912875,0.13590312702004215,0.8938326712463336,0.001317523266224696,0.1317523266224696,0.036297703318867724,False,False
ALGT,Allegiant Air,42,t-42,15,3.7500628218951872,7.077100826414914,0.5298868723048669,0.6051227515878302,0.02114183770689282,2.114183770689282,0.14540233047270296,False,False
ALGT,Allegiant Air,43,t-43,14,-5.704102480283708,6.9382574201529215,-0.8221232126262026,0.4270405965493055,0.05332065513895734,5.332065513895734,-0.23091265694837373,False,False
ALGT,Allegiant Air,44,t-44,13,-10.89309856106418,5.975892022777975,-1.822840593428322,0.09559567736299912,0.23199094675888599,23.1990946758886,-0.48165438517560094,False,True
ALGT,Allegiant Air,45,t-45,12,-10.204800106942432,6.8443641793453285,-1.4909785393562347,0.16682081255797016,0.18187138281359483,18.187138281359484,-0.4264638118452663,False,False
ALGT,Allegiant Air,46,t-46,11,-4.20071396699464,7.419767757963026,-0.5661516780611306,0.5851287902456357,0.03438943932275573,3.4389439322755733,-0.18544389804670255,False,False
ALGT,Allegiant Air,47,t-47,10,3.0510727622727027,7.576094910497973,0.40272367206552817,0.6976987736752891,0.019870454920682956,1.9870454920682956,0.14096260114187303,False,False
ALGT,Allegiant Air,48,t-48,9,17.978028860245175,4.491495023713057,4.002682573470378,0.005172224344814635,0.6959359817675856,69.59359817675856,0.8342277757109179,True,True
ALK,Alaska,0,t-0 (contemporaneous),57,-1.558622153503911,1.4440767554293445,-1.0793208516402653,0.28515533007584826,0.02074129582596551,2.074129582596551,-0.144018387110693,False,False
ALK,Alaska,1,t-1,56,-0.4840861056955023,1.377983922142227,-0.35130025678596993,0.7267301188414516,0.00228019384131517,0.228019384131517,-0.04775137528192375,False,False
ALK,Alaska,2,t-2,55,-0.6655292775866178,1.3877420698648906,-0.4795770713007304,0.6335012882953897,0.004320762587244675,0.43207625872446753,-0.06573250784234894,False,False
ALK,Alaska,3,t-3,54,-1.2310718406380363,1.3940850076117668,-0.8830679864687797,0.38126391228471423,0.014774761077870013,1.4774761077870013,-0.12155147501314015,False,False
ALK,Alaska,4,t-4,53,0.0174959719678959,1.4183247709507218,0.012335659875818231,0.9902059467830794,2.9836872655897295e-06,0.00029836872655897295,0.001727335307825234,False,False
ALK,Alaska,5,t-5,52,-0.3215031721640473,1.4209634053756028,-0.22625717942332543,0.8219238101387485,0.0010227990358806505,0.10227990358806505,-0.03198122943040732,False,False
ALK,Alaska,6,t-6,51,-0.14492407274729663,1.4348524169011705,-0.10100277285679805,0.91996041829855,0.00020815176840782712,0.020815176840782712,-0.014427465765261237,False,False
ALK,Alaska,7,t-7,50,1.175928396513533,1.4427703449937246,0.8150489096160677,0.4190701149233449,0.013650759603356155,1.3650759603356155,0.11683646521251816,False,False
ALK,Alaska,8,t-8,49,0.8620672535189462,1.4652997979310711,0.5883214170479935,0.5591332636763167,0.007310463338500939,0.7310463338500939,0.0855012475844703,False,False
ALK,Alaska,9,t-9,48,0.444032562220517,1.475165699662158,0.30100521068393143,0.7647669342037748,0.0019657832340370662,0.19657832340370662,0.04433715410394651,False,False
ALK,Alaska,10,t-10,47,-2.6422550315629176,1.4331391643897773,-1.843683500679416,0.07182020622805556,0.07023196743656324,7.023196743656324,-0.2650131457806637,False,True
ALK,Alaska,11,t-11,46,0.6792399638818273,1.4966563706318374,0.453838287271697,0.6521759209440166,0.00465930721038621,0.465930721038621,0.06825911814831925,False,False
ALK,Alaska,12,t-12,45,0.4688317199720746,1.5145339327792737,0.30955511119631124,0.7583944536408929,0.002223518595491525,0.2223518595491525,0.04715420018928719,False,False
ALK,Alaska,13,t-13,44,-1.5724746591187215,1.5157590372094998,-1.0374173074459347,0.30547745454572844,0.02498441839307719,2.498441839307719,-0.15806460196096167,False,False
ALK,Alaska,14,t-14,43,0.7611511071556722,1.5496288926855166,0.49118283141752256,0.6259162394632474,0.005849980590364012,0.5849980590364012,0.07648516581902604,False,False
ALK,Alaska,15,t-15,42,0.5088297325780633,1.5741148371735392,0.32324816497614084,0.7481911983003127,0.002605428414270028,0.2605428414270028,0.051043397362147774,False,False
ALK,Alaska,16,t-16,41,-3.0308634961240486,1.511687952648188,-2.004953132565855,0.05194444254591513,0.09344147579697737,9.344147579697736,-0.30568198474391234,False,True
ALK,Alaska,17,t-17,40,1.5870648508685048,1.5510916429914905,1.0231921872827805,0.312686890566234,0.026811901981846353,2.6811901981846353,0.1637434028651118,False,False
ALK,Alaska,18,t-18,39,0.2925314831369631,1.5812156174383716,0.18500417015288215,0.8542361554000333,0.0009241867906768508,0.09241867906768508,0.030400440632941683,False,False
ALK,Alaska,19,t-19,38,-0.4962279363288958,1.6018527459454213,-0.3097837410991356,0.758511570472034,0.00265863410717726,0.265863410717726,-0.05156194436963326,False,False
ALK,Alaska,20,t-20,37,0.6445151009997293,1.6135117449339471,0.39944865788759043,0.6919898089698225,0.004538146489355022,0.45381464893550216,0.06736576644969519,False,False
ALK,Alaska,21,t-21,36,-1.2667515028526297,1.6102152728579562,-0.786696986549062,0.43690863191209683,0.017877295032665996,1.7877295032665996,-0.13370600223126078,False,False
ALK,Alaska,22,t-22,35,2.225330578520471,1.6012933927595314,1.3897082124878612,0.17392259097818413,0.05528822370420905,5.5288223704209045,0.23513448004112197,False,False
ALK,Alaska,23,t-23,34,0.13479746479054944,1.6659164330199838,0.08091490192349429,0.9360135912177021,0.00020455881442016377,0.020455881442016377,0.014302405896223924,False,False
ALK,Alaska,24,t-24,33,-0.6193850872653934,1.643719733722123,-0.37681915873993077,0.7088751459682732,0.004559524493497946,0.4559524493497946,-0.06752425115096028,False,False
ALK,Alaska,25,t-25,32,0.514841205822177,1.667234574033585,0.30879950178612714,0.7596083832968116,0.0031684997750371924,0.31684997750371924,0.056289428625959294,False,False
ALK,Alaska,26,t-26,31,-1.9098717863378347,1.6403231204527795,-1.164326566225959,0.2537811658269956,0.04465910198293599,4.465910198293599,-0.21132700249361455,False,False
ALK,Alaska,27,t-27,30,1.7580863469790309,1.6846191240396342,1.043610583479087,0.30559257180864663,0.03744090353220375,3.744090353220375,0.19349652072376802,False,False
ALK,Alaska,28,t-28,29,1.6981927328995057,1.7174972869040952,0.9887600672491382,0.331559196292853,0.03494384245702531,3.494384245702531,0.18693272173973488,False,False
ALK,Alaska,29,t-29,28,0.31217772918114833,1.7292504204501211,0.1805277740513077,0.8581380413953259,0.0012519029745745591,0.1251902974574559,0.03538224094902492,False,False
ALK,Alaska,30,t-30,27,0.9531629348793945,1.743278332024569,0.5467646315390335,0.589387923739795,0.011816756973734965,1.1816756973734965,0.1087049077720732,False,False
ALK,Alaska,31,t-31,26,2.469647611673155,1.682421339052698,1.4679126770133049,0.15511247048578197,0.08238527132178586,8.238527132178586,0.2870283458506944,False,False
ALK,Alaska,32,t-32,25,0.38796094875732046,1.762894806702184,0.2200703906338417,0.8277579475700112,0.002101270011933498,0.21012700119334982,0.04583961182136193,False,False
ALK,Alaska,33,t-33,24,0.16222582650535633,1.7527790410239452,0.09255349516878443,0.9270959497691763,0.0003892188800388441,0.03892188800388441,0.019728630972242082,False,False
ALK,Alaska,34,t-34,23,0.3189393878762734,1.7394925088577593,0.18335197550560622,0.8562805973976341,0.0015982959758347182,0.15982959758347182,0.03997869402362519,False,False
ALK,Alaska,35,t-35,22,-1.1707917301148654,1.7824318295093868,-0.6568507758510602,0.5187644859852825,0.021117095439394662,2.111709543939466,-0.14531722347813594,False,False
ALK,Alaska,36,t-36,21,-3.1595816609338274,1.6818779011149778,-1.878603469870926,0.07573080929703915,0.15664820203297014,15.664820203297014,-0.395788077173846,False,True
ALK,Alaska,37,t-37,20,1.5604552183911238,1.843755501477388,0.8463460676541669,0.40847107170133656,0.03827153884391399,3.827153884391399,0.19563112953697803,False,False
ALK,Alaska,38,t-38,19,-0.4167898709959834,1.8889399781394918,-0.22064749320753954,0.827995122156788,0.0028556639620969104,0.28556639620969104,-0.05343841279545006,False,False
ALK,Alaska,39,t-39,18,-0.9514619521192338,1.9381479207578525,-0.4909129700209849,0.6301530823854687,0.014838717459155992,1.4838717459155992,-0.1218142744474381,False,False
ALK,Alaska,40,t-40,17,0.6839529722965656,2.0259436287511674,0.3375972374503668,0.7403447701740713,0.007540830135712051,0.7540830135712051,0.08683795331369965,False,False
ALK,Alaska,41,t-41,16,-0.2213124888976497,2.118479414249823,-0.10446761361427669,0.918280157678592,0.0007789272489656662,0.07789272489656662,-0.02790926815532495,False,False
ALK,Alaska,42,t-42,15,1.2730709880121105,2.2004517891818365,0.5785498206645368,0.5727803186365193,0.025101381778308007,2.5101381778308007,0.1584341559712047,False,False
ALK,Alaska,43,t-43,14,-2.7842298926512834,2.2443750380632825,-1.2405368289311633,0.23848424141558294,0.11366713908311732,11.366713908311732,-0.3371455755057705,False,False
ALK,Alaska,44,t-44,13,-2.9937924855838007,2.158708256287308,-1.3868444134886142,0.19294972250844195,0.14882668181152925,14.882668181152924,-0.38578061357658855,False,False
ALK,Alaska,45,t-45,12,1.272896047709741,2.4320486131925216,0.5233842945428732,0.6121072622489978,0.02666273664682306,2.666273664682306,0.16328728256304403,False,False
ALK,Alaska,46,t-46,11,-1.3187877333439664,2.5307372941302586,-0.5211081120125491,0.6148694148537863,0.029288906070599086,2.9288906070599086,-0.17114001890440156,False,False
ALK,Alaska,47,t-47,10,-1.084042756329802,2.412619307877858,-0.4493219269157416,0.6651227649242817,0.024615081308304365,2.4615081308304365,-0.15689194150211966,False,False
ALK,Alaska,48,t-48,9,4.062359519953459,1.921205491042396,2.114484649817094,0.07230800036911351,0.38976790728377275,38.976790728377274,0.6243139492945619,False,True
DAL,Delta,0,t-0 (contemporaneous),57,-0.6977020192782611,0.8472647058064424,-0.8234758446761633,0.4137939607151071,0.012179156884492004,1.2179156884492004,-0.11035921748767512,False,False
DAL,Delta,1,t-1,56,-0.552523297110201,0.8231994489515144,-0.6711900716332282,0.5049605218860387,0.008273498763541887,0.8273498763541887,-0.09095877507718479,False,False
DAL,Delta,2,t-2,55,-0.9554536204919801,0.8337481724129325,-1.1459738708953597,0.25695388916091755,0.02417929262145624,2.417929262145624,-0.15549692158192868,False,False
DAL,Delta,3,t-3,54,-0.7203888369144171,0.8505398903895143,-0.8469783076070742,0.40088856099932846,0.013607890964416058,1.3607890964416058,-0.1166528652216319,False,False
DAL,Delta,4,t-4,53,-0.3480311081851424,0.8674868075006529,-0.4011946984967612,0.6899528489354692,0.0031460941107182006,0.31460941107182006,-0.05609005358098987,False,False
DAL,Delta,5,t-5,52,-0.18127290258350404,0.8707401589713617,-0.20818254529301666,0.8359321463611186,0.0008660487527167859,0.0866048752716786,-0.02942870626984569,False,False
DAL,Delta,6,t-6,51,0.08054680540445053,0.8760698824678398,0.09194107344217187,0.9271197185607938,0.00017248373373346393,0.017248373373346393,0.013133306275773351,False,False
DAL,Delta,7,t-7,50,0.8089205497209618,0.879331433516538,0.9199267976649081,0.36221121995851624,0.01732507710954323,1.732507710954323,0.1316247587254897,False,False
DAL,Delta,8,t-8,49,-0.26002289508564436,0.8952688085940161,-0.29044114191133263,0.7727564825838186,0.0017915941509912825,0.17915941509912825,-0.04232722706475432,False,False
DAL,Delta,9,t-9,48,-0.625277263732658,0.89655182204266,-0.6974245641574368,0.4890472903157993,0.010463297050093856,1.0463297050093856,-0.10229025882308532,False,False
DAL,Delta,10,t-10,47,-0.9084558094163432,0.9021878482772904,-1.0069475122625753,0.319344026716749,0.022035566176266674,2.2035566176266674,-0.14844381488046698,False,False
DAL,Delta,11,t-11,46,0.3793278590743063,0.9185109203363268,0.41298132735907983,0.6816259725116958,0.00386125060558562,0.386125060558562,0.06213896205751769,False,False
DAL,Delta,12,t-12,45,-1.4911112080330033,0.9118338010564677,-1.6352883675790193,0.10928905437912267,0.05854880689882336,5.854880689882336,-0.24196860725892327,False,False
DAL,Delta,13,t-13,44,-0.9630325242475504,0.9421726237924766,-1.0221402107515156,0.31256618326805746,0.024271719784281443,2.4271719784281443,-0.15579383744000067,False,False
DAL,Delta,14,t-14,43,1.0729249826586753,0.9584480712079206,1.119439868355602,0.2694679319251452,0.02965804321807808,2.965804321807808,0.17221510740372895,False,False
DAL,Delta,15,t-15,42,0.42807880382194174,0.9937740179447483,0.43076071228674645,0.6689547664735884,0.004617450031825787,0.4617450031825787,0.06795182140182546,False,False
DAL,Delta,16,t-16,41,-0.663940291841413,1.0072933703152134,-0.6591329908521542,0.513683658472516,0.011017174836357113,1.1017174836357113,-0.10496273070169776,False,False
DAL,Delta,17,t-17,40,0.5091221032748563,0.937391854526893,0.5431262292457332,0.5902148383900601,0.007702995376927313,0.7702995376927313,0.087766709958431,False,False
DAL,Delta,18,t-18,39,0.11849058097573839,0.9488258743088337,0.12488127082543161,0.9012935909261841,0.00042131787056731707,0.04213178705673171,0.020526029098860404,False,False
DAL,Delta,19,t-19,38,-0.6714968741969931,0.969231786386404,-0.6928135082120462,0.4928720488630245,0.013157639292942447,1.3157639292942447,-0.11470675347573366,False,False
DAL,Delta,20,t-20,37,1.0079509921154939,0.9642787561041867,1.0452900530420777,0.30305476858094754,0.030272974171889122,3.027297417188912,0.17399130487437892,False,False
DAL,Delta,21,t-21,36,0.20345597912772856,1.1144759929656156,0.18255752516151838,0.8562294080736996,0.000979253357988985,0.0979253357988985,0.03129302411064042,False,False
DAL,Delta,22,t-22,35,-0.42751604083392614,1.6870297366199267,-0.2534134589058769,0.8015208773469269,0.0019422319443436198,0.19422319443436198,-0.044070760650842804,False,False
DAL,Delta,23,t-23,34,-1.022412480253181,1.714441183533541,-0.5963531966409852,0.5551348711327166,0.010991504622779869,1.0991504622779869,-0.10484037687255726,False,False
DAL,Delta,24,t-24,33,-0.02727197573372675,1.767724158775734,-0.015427732657460766,0.9877898045926339,7.677842177478134e-06,0.0007677842177478134,-0.00277089194623487,False,False
DAL,Delta,25,t-25,32,-0.4065302494833303,1.8097551021267304,-0.2246327411955336,0.8237879942036352,0.00167917125521444,0.167917125521444,-0.0409776921655477,False,False
DAL,Delta,26,t-26,31,-1.6084781104295072,1.807788779517436,-0.8897489179343551,0.38092255338847136,0.026572984497562846,2.6572984497562846,-0.1630122219269556,False,False
DAL,Delta,27,t-27,30,0.10856828373433547,1.8862077798684933,0.05755902657866509,0.954508695464155,0.00011830891351238826,0.011830891351238826,0.010876990094326976,False,False
DAL,Delta,28,t-28,29,0.7988239221873231,1.9380936904112671,0.41216992044270634,0.6834690985394373,0.006252659858499876,0.6252659858499876,0.0790737621370061,False,False
DAL,Delta,29,t-29,28,1.2103611189310204,1.7794426712861362,0.6801911286392845,0.502395744325782,0.017483502111209637,1.7483502111209637,0.13222519469151686,False,False
DAL,Delta,30,t-30,27,1.3143046657584798,1.8185530635360994,0.7227199976243036,0.4765591890615223,0.020465385165395533,2.0465385165395533,0.1430572793163476,False,False
DAL,Delta,31,t-31,26,2.4279537983265005,1.7978759007393532,1.3504568348282748,0.1894671738549839,0.07062238507231,7.062238507231,0.26574872543873085,False,False
DAL,Delta,32,t-32,25,0.5284856026908851,1.84526201854721,0.2864013876506092,0.7771346898965954,0.003553663604719204,0.3553663604719204,0.05961261279896365,False,False
DAL,Delta,33,t-33,24,-2.7277865312534146,1.6962999050565355,-1.6080803418794631,0.12207552491960622,0.10517898598012654,10.517898598012653,-0.32431309868725056,False,False
DAL,Delta,34,t-34,23,-1.034464093557364,1.7471935951592712,-0.592071821018245,0.5601237032750539,0.0164187366126598,1.6418736612659801,-0.12813561804845622,False,False
DAL,Delta,35,t-35,22,1.1831713420672838,1.8724841471865805,0.6318725548865161,0.534626936015473,0.019572419213117365,1.9572419213117365,0.13990146251243152,False,False
DAL,Delta,36,t-36,21,-1.159717438206656,2.2037074108178105,-0.5262574480231371,0.6047987383144819,0.014366740906301745,1.4366740906301745,-0.11986134033249408,False,False
DAL,Delta,37,t-37,20,-1.0306499589066647,2.3547168386895643,-0.43769592248732425,0.666813544939705,0.010531121791899078,1.0531121791899078,-0.10262125409435752,False,False
DAL,Delta,38,t-38,19,1.9525050220190534,2.3504738764959865,0.8306856934439907,0.417665542279014,0.039007191118353046,3.9007191118353046,0.19750238256373787,False,False
DAL,Delta,39,t-39,18,3.9227841878813687,2.6636436852904843,1.4727135650854024,0.16022698843803987,0.11937360028232369,11.93736002823237,0.34550484842086293,False,False
DAL,Delta,40,t-40,17,3.9154599961471437,2.9580953296726227,1.3236422629356148,0.20544183433007973,0.10458606876451237,10.458606876451238,0.32339769443289523,False,False
DAL,Delta,41,t-41,16,0.1453784278440502,3.290422501182112,0.044182298106647935,0.9653830900557943,0.00013941452273691368,0.013941452273691368,0.011807392715447645,False,False
DAL,Delta,42,t-42,15,-0.6959448171686639,3.311419716461107,-0.21016508831819591,0.836796917490593,0.0033861385201359173,0.33861385201359173,-0.058190536345147495,False,False
DAL,Delta,43,t-43,14,-2.58216354757467,3.4129416013725917,-0.7565800559072544,0.46389704885219807,0.04552931594357523,4.552931594357523,-0.21337599664342502,False,False
DAL,Delta,44,t-44,13,-3.3223524880870294,3.2984300236780935,-1.0072526821054884,0.3354566415865057,0.08444405266617727,8.444405266617727,-0.29059258880118954,False,False
DAL,Delta,45,t-45,12,-6.607522375599104,2.8160273662639135,-2.346398495539286,0.040891015326650154,0.355071129554384,35.5071129554384,-0.5958784519970362,True,True
DAL,Delta,46,t-46,11,-0.7741983776874868,3.783009365557155,-0.2046514567836562,0.8423977745212433,0.00463202436731136,0.46320243673113604,-0.06805897712507408,False,False
DAL,Delta,47,t-47,10,0.37799053517167314,4.398842085152619,0.08592955324481912,0.9336341212118234,0.0009221348974924881,0.09221348974924881,0.030366674126291286,False,False
DAL,Delta,48,t-48,9,4.841005114584288,4.453217851138702,1.0870802364511378,0.3130099315736442,0.14443662882845754,14.443662882845754,0.38004819277093993,False,False
JBLU,JetBlue,0,t-0 (contemporaneous),57,-2.956582671024255,2.2695387030644754,-1.3027240588724436,0.19809728563366022,0.029932576334276706,2.9932576334276706,-0.17301033591747264,False,False
JBLU,JetBlue,1,t-1,56,-2.9446919244524334,2.2193763872376877,-1.3268105137035806,0.19015488498572505,0.031571246153630494,3.1571246153630494,-0.17768299342826943,False,False
JBLU,JetBlue,2,t-2,55,-0.5208756486392419,2.2714643276977,-0.2293127135160377,0.8195085090326787,0.0009911735922671916,0.09911735922671916,-0.031482909526713225,False,False
JBLU,JetBlue,3,t-3,54,-1.4338698413712725,2.2904125817717222,-0.6260312455418486,0.5340328578465777,0.007480450361359803,0.7480450361359803,-0.08648959683892396,False,False
JBLU,JetBlue,4,t-4,53,-1.4265410297132703,2.3246322039307104,-0.613663110792812,0.5421655284277525,0.007329845541626079,0.7329845541626079,-0.08561451711962015,False,False
JBLU,JetBlue,5,t-5,52,-2.2218697227740045,2.3314104452995155,-0.9530152561740632,0.3451670124498024,0.01784068969544772,1.784068969544772,-0.13356904467520894,False,False
JBLU,JetBlue,6,t-6,51,-2.267082761912226,2.3461129048141163,-0.9663144332313572,0.3386321692770665,0.018700044155551154,1.8700044155551154,-0.13674810476036242,False,False
JBLU,JetBlue,7,t-7,50,-3.171249657514247,2.380089612122411,-1.3324076712751711,0.18901751755733714,0.03566648194157773,3.5666481941577732,-0.18885571725944025,False,False
JBLU,JetBlue,8,t-8,49,2.2684606888479317,2.440287268099393,0.9295875606541653,0.35733471132463623,0.01805387412592574,1.805387412592574,0.13436470565563663,False,False
JBLU,JetBlue,9,t-9,48,-0.07334253233977694,2.4929395456545778,-0.029420100646892825,0.9766568157781716,1.881578339602008e-05,0.001881578339602008,-0.004337716380310053,False,False
JBLU,JetBlue,10,t-10,47,-1.6619238191340249,2.5074372567227754,-0.6627977687889036,0.5108409119958769,0.009667861824047996,0.9667861824047996,-0.09832528578167676,False,False
JBLU,JetBlue,11,t-11,46,-1.6041273142024315,2.5538303859407616,-0.6281260192663557,0.5331683025868397,0.008887180172915898,0.8887180172915898,-0.09427184188778752,False,False
JBLU,JetBlue,12,t-12,45,-0.7080832983686322,2.595318414063862,-0.27283099234821234,0.7862891564189998,0.0017280957338353664,0.17280957338353664,-0.04157037086478227,False,False
JBLU,JetBlue,13,t-13,44,3.8945229865829534,2.562943156358051,1.5195510586809426,0.13611673869916885,0.052112066941979784,5.211206694197978,0.2282806757962216,False,False
JBLU,JetBlue,14,t-14,43,-1.185414992468533,2.684594426409339,-0.4415620403615427,0.6611262945858697,0.0047330293525901235,0.47330293525901235,-0.06879701557909525,False,False
JBLU,JetBlue,15,t-15,42,0.31730953261713735,2.6880838945803984,0.11804301690765064,0.9066243596147197,0.0003482325378727502,0.03482325378727502,0.018660989734540404,False,False
JBLU,JetBlue,16,t-16,41,3.072674340065981,2.7081892324466765,1.1345862775216837,0.26347428421685576,0.03195266170237954,3.1952661702379537,0.17875307466552762,False,False
JBLU,JetBlue,17,t-17,40,-2.0139593468464314,2.725636783973878,-0.7388949836192601,0.46451053739267356,0.0141640191270751,1.41640191270751,-0.11901268473181778,False,False
JBLU,JetBlue,18,t-18,39,-4.406370292428067,2.6938821274059066,-1.6356952843631707,0.11038340477780455,0.0674345408742082,6.743454087420819,-0.2596816144323825,False,False
JBLU,JetBlue,19,t-19,38,0.617910250090345,2.8213544845489267,0.21901191554422322,0.8278777449143393,0.001330622062247322,0.1330622062247322,0.036477692666167766,False,False
JBLU,JetBlue,20,t-20,37,2.523507270300045,2.8239149382007716,0.893620142789383,0.3776289538379315,0.022306959481638744,2.2306959481638744,0.1493551454809607,False,False
JBLU,JetBlue,21,t-21,36,1.9703615342994576,3.0715119237005792,0.6414956488026757,0.5255020091946473,0.011958690208566769,1.195869020856677,0.10935579641046422,False,False
JBLU,JetBlue,22,t-22,35,0.7739094072238748,3.1335941710761905,0.24697180457100673,0.806460069181179,0.0018449254815152694,0.18449254815152694,0.04295259574828449,False,False
JBLU,JetBlue,23,t-23,34,-1.8846346584320814,3.2016387775941677,-0.5886468741012273,0.5602306333396452,0.010712289963439203,1.0712289963439203,-0.10350019305991216,False,False
JBLU,JetBlue,24,t-24,33,-2.6977142462705315,3.1904028109472313,-0.8455716742142599,0.40427131325894006,0.02254427396646752,2.254427396646752,-0.15014750736015425,False,False
JBLU,JetBlue,25,t-25,32,-1.3452247820253238,3.3032065488460343,-0.4072481578529427,0.6867170988403535,0.005497973908753062,0.5497973908753062,-0.07414832370831455,False,False
JBLU,JetBlue,26,t-26,31,4.366066548086638,3.263548843219713,1.337827854838911,0.19134983257231866,0.05812913159286004,5.812913159286004,0.24109983739700025,False,False
JBLU,JetBlue,27,t-27,30,2.1768450433297195,3.4582483673574034,0.6294646341416885,0.534147768805944,0.013953464430923601,1.3953464430923601,0.11812478330529814,False,False
JBLU,JetBlue,28,t-28,29,4.0523177552903755,3.538717630846744,1.1451373570941679,0.26220182832464517,0.046318527723749,4.6318527723749,0.2152173964245198,False,False
JBLU,JetBlue,29,t-29,28,5.93444157103329,3.350093467767707,1.7714256715910768,0.08821259859499933,0.10769285510340088,10.769285510340087,0.32816589570429283,False,True
JBLU,JetBlue,30,t-30,27,3.175475204139531,3.5512139058787793,0.8941942919526081,0.3797461573765145,0.030992106282472065,3.0992106282472065,0.17604575053795507,False,False
JBLU,JetBlue,31,t-31,26,-0.5408662422824315,3.5585335455196128,-0.15199132883358976,0.8804642620924126,0.0009616312103305491,0.09616312103305491,-0.031010179140578024,False,False
JBLU,JetBlue,32,t-32,25,0.660000305622822,3.511151287329553,0.18797261969443443,0.852546670459564,0.0015338916382167112,0.15338916382167112,0.039164928676262076,False,False
JBLU,JetBlue,33,t-33,24,-0.6554441900053628,3.4966663945838516,-0.18744830534036952,0.8530271948749116,0.0015945835683607301,0.159458356836073,-0.039932237207057394,False,False
JBLU,JetBlue,34,t-34,23,-2.818779087820185,3.520728452911454,-0.80062382700637,0.4323145161083797,0.02961963663570899,2.961963663570899,-0.17210356369264657,False,False
JBLU,JetBlue,35,t-35,22,0.5646888495617002,3.809649956682898,0.1482259147119597,0.8836487469356864,0.0010973406103732541,0.10973406103732541,0.03312613183535566,False,False
JBLU,JetBlue,36,t-36,21,-2.0797886548561113,3.9844557741233517,-0.5219755903335883,0.6077196635602178,0.014137195660072321,1.4137195660072321,-0.11889993969751286,False,False
JBLU,JetBlue,37,t-37,20,-3.355328081559194,3.8728923579549703,-0.8663623389034574,0.39769310465887076,0.04002988462590573,4.002988462590573,-0.20007469761543015,False,False
JBLU,JetBlue,38,t-38,19,3.9673103455195804,3.8622071110087886,1.0272132569512409,0.31871500320787793,0.05844128004234472,5.844128004234472,0.2417463133996969,False,False
JBLU,JetBlue,39,t-39,18,3.0476174532106306,4.047768963858293,0.752912896072426,0.4624373277923005,0.034217541465621726,3.4217541465621726,0.1849798407006067,False,False
JBLU,JetBlue,40,t-40,17,-1.7623638826731791,4.260655986835784,-0.4136367470451458,0.6849934702150446,0.011277719535930819,1.127771953593082,-0.1061966079304353,False,False
JBLU,JetBlue,41,t-41,16,-3.2349826533726267,4.362784362290032,-0.7414949685192737,0.47064984150846945,0.03778843898274442,3.778843898274442,-0.19439248695035677,False,False
JBLU,JetBlue,42,t-42,15,-3.0862027296568932,4.663761526672756,-0.6617411100474229,0.5196950958363995,0.03258703030014498,3.258703030014498,-0.1805187810177797,False,False
JBLU,JetBlue,43,t-43,14,-2.9767955811651774,4.653622227575107,-0.6396728044502907,0.5344072047791083,0.03297407677171704,3.2974076771717042,-0.18158765589025366,False,False
JBLU,JetBlue,44,t-44,13,-2.924544649092172,4.58601008149749,-0.6377100348931654,0.5367108525576891,0.03565229316140062,3.5652293161400617,-0.1888181483899273,False,False
JBLU,JetBlue,45,t-45,12,-4.4951596073131626,4.653744305524097,-0.9659232033821259,0.356861134185783,0.0853386063556264,8.53386063556264,-0.29212772267559045,False,False
JBLU,JetBlue,46,t-46,11,5.297644347387881,5.210263482738034,1.016770910902941,0.335815305075509,0.10303381637028075,10.303381637028075,0.32098881035057997,False,False
JBLU,JetBlue,47,t-47,10,6.891032328933181,3.911112561455818,1.7619110216475486,0.11610838457012886,0.27956034473969116,27.956034473969115,0.5287346638340361,False,False
JBLU,JetBlue,48,t-48,9,-2.2549137608120446,4.6760039644352585,-0.4822309343538763,0.6443550691536495,0.032152806546309254,3.2152806546309254,-0.1793120368137881,False,False
LUV,Southwest,0,t-0 (contemporaneous),57,-0.8773433981252929,1.492324465474336,-0.587903916623406,0.5590030783719429,0.006244955723539114,0.6244955723539114,-0.07902503225901987,False,False
LUV,Southwest,1,t-1,56,-0.8736499609435275,1.3682348260086201,-0.6385234057315418,0.5258319866765442,0.00749364609598735,0.749364609598735,-0.08656584832361504,False,False
LUV,Southwest,2,t-2,55,-0.4609813031662656,1.3820900190633296,-0.3335392751614558,0.7400432710995779,0.002094630635241179,0.20946306352411792,-0.04576713488127593,False,False
LUV,Southwest,3,t-3,54,-1.009909806707627,1.3919937120410992,-0.7255131959086099,0.4713899045893729,0.01002105044524959,1.002105044524959,-0.10010519689431402,False,False
LUV,Southwest,4,t-4,53,1.1746299567500815,1.4056914354559014,0.8356243248854393,0.4072641578523841,0.013506603590154875,1.3506603590154875,0.11621791423939144,False,False
LUV,Southwest,5,t-5,52,-0.37462168729207795,1.405526879169429,-0.2665347015728749,0.7909235905260539,0.0014187990919001248,0.14187990919001248,-0.037666949596432055,False,False
LUV,Southwest,6,t-6,51,-1.1642848962783257,1.409963475301423,-0.8257553593928552,0.4129453776271377,0.013724762922627365,1.3724762922627365,-0.11715273331265975,False,False
LUV,Southwest,7,t-7,50,-0.20563947783928305,1.4363907942424883,-0.14316401822091282,0.8867599622010673,0.00042681641898134615,0.042681641898134615,-0.02065953578813659,False,False
LUV,Southwest,8,t-8,49,-0.22087942737083288,1.455166522566893,-0.15178979446366367,0.880002425840605,0.000489975587156799,0.0489975587156799,-0.02213539218438742,False,False
LUV,Southwest,9,t-9,48,-0.32562901004704337,1.516872515863837,-0.21467130997597536,0.8309724541653368,0.0010008184747188897,0.10008184747188897,-0.03163571517634737,False,False
LUV,Southwest,10,t-10,47,0.27363853650568,1.5298187758068977,0.1788699033069131,0.8588427643037773,0.0007104824626410489,0.07104824626410489,0.02665487690163612,False,False
LUV,Southwest,11,t-11,46,0.4231347291009335,1.5875520618810413,0.2665328207249936,0.7910740344922484,0.0016119371118866743,0.16119371118866743,0.040148936622113364,False,False
LUV,Southwest,12,t-12,45,-0.13512764757406182,1.626035649760609,-0.08310251229359936,0.9341556916805693,0.00016057950193137938,0.016057950193137938,-0.012671996761806897,False,False
LUV,Southwest,13,t-13,44,1.374315216994799,1.6339748024824312,0.841087154408292,0.4050624235955048,0.016564509759631085,1.6564509759631085,0.128703184729947,False,False
LUV,Southwest,14,t-14,43,0.9008806699968149,1.6636764608130485,0.5414999197359258,0.5910936557278589,0.007100975601178061,0.7100975601178061,0.08426728666082746,False,False
LUV,Southwest,15,t-15,42,0.15160175849318613,1.7105475844352893,0.08862761835604538,0.9298201133859507,0.00019633281424313864,0.019633281424313864,0.014011881181455509,False,False
LUV,Southwest,16,t-16,41,0.8032091606995523,1.753087989979376,0.45816819537335457,0.6493744071293854,0.005353698896838677,0.5353698896838677,0.07316897496096621,False,False
LUV,Southwest,17,t-17,40,-1.2263797921373745,1.7155887011689732,-0.714844875873652,0.4790738418705508,0.01326901805062386,1.326901805062386,-0.11519122384376186,False,False
LUV,Southwest,18,t-18,39,-1.0891895199290302,1.7636451245273705,-0.6175786187263246,0.540635753855768,0.01020302386011862,1.020302386011862,-0.10101001861260465,False,False
LUV,Southwest,19,t-19,38,1.0075263059077433,1.790112309122503,0.5628285447641124,0.5770402546747531,0.008722579643522743,0.8722579643522743,0.09339475169153134,False,False
LUV,Southwest,20,t-20,37,0.6497112605862342,1.7805039283939532,0.3649030199963027,0.7173795633812728,0.003789987462877953,0.3789987462877953,0.06156287406284574,False,False
LUV,Southwest,21,t-21,36,1.3172148914447686,1.7347666676203588,0.7593037819037871,0.4529033667641227,0.01667437505244751,1.667437505244751,0.12912929587219002,False,False
LUV,Southwest,22,t-22,35,2.473506209786356,1.706946413998879,1.4490825192289722,0.156751459789714,0.059824778081858376,5.982477808185838,0.244591042521713,False,False
LUV,Southwest,23,t-23,34,0.8410409062065024,1.74195670405516,0.48281389787048945,0.6325146263987989,0.007231981814002086,0.7231981814002086,0.08504105957713648,False,False
LUV,Southwest,24,t-24,33,0.07079030887937336,1.7704876719072713,0.039983508500295833,0.9683626747498384,5.1567693925891334e-05,0.005156769392589133,0.0071810649576445045,False,False
LUV,Southwest,25,t-25,32,0.7532139874103709,1.7846832710478437,0.4220435074556032,0.6760025273378407,0.005902313262816317,0.5902313262816317,0.07682651406133395,False,False
LUV,Southwest,26,t-26,31,0.560921715308198,1.817980258010094,0.3085411477032022,0.7598761693445724,0.0032719365238376152,0.3271936523837615,0.0572008437336131,False,False
LUV,Southwest,27,t-27,30,0.48044941921499323,1.837442217089247,0.26147729422266625,0.7956382920800955,0.002435851261744282,0.24358512617442818,0.04935434389943999,False,False
LUV,Southwest,28,t-28,29,1.6903872665535666,1.8647757675947731,0.9064828575790984,0.37269952122251593,0.029534889713713208,2.953488971371321,0.17185717824319446,False,False
LUV,Southwest,29,t-29,28,1.0537680217998444,1.7770839269327459,0.5929759454966499,0.5583203681269981,0.01334340984123139,1.334340984123139,0.11551367815644753,False,False
LUV,Southwest,30,t-30,27,-0.03838501116185167,1.8181461359743394,-0.021112170469884287,0.9833237804315904,1.782863181221117e-05,0.001782863181221117,-0.004222396453697694,False,False
LUV,Southwest,31,t-31,26,0.5143067864490779,1.8327902638767024,0.2806140978516661,0.781411207563878,0.0032702814990632767,0.32702814990632767,0.057186375117355574,False,False
LUV,Southwest,32,t-32,25,-0.31408106107832634,1.8018771481407174,-0.17430769983537092,0.8631488507580749,0.0013192648160498255,0.13192648160498255,-0.03632168520388154,False,False
LUV,Southwest,33,t-33,24,-0.8269776810589683,1.7070403628625646,-0.48445115830313207,0.632853866406812,0.010555258198312156,1.0555258198312156,-0.10273878624118535,False,False
LUV,Southwest,34,t-34,23,0.5707991013967257,1.6885902124805332,0.3380329325480478,0.7386943468407279,0.005411803662087822,0.5411803662087822,0.07356496219048612,False,False
LUV,Southwest,35,t-35,22,0.22019439913061456,1.6639949757148105,0.1323287644159049,0.8960465239113702,0.0008747791859671228,0.08747791859671228,0.029576666241597934,False,False
LUV,Southwest,36,t-36,21,-0.6046479101031368,1.7129307080978309,-0.35299029157728395,0.7279816593074954,0.0065152804224071215,0.6515280422407121,-0.080717287010943,False,False
LUV,Southwest,37,t-37,20,0.7369874665315475,1.6721473184310072,0.4407431441047134,0.664646676714421,0.010676695704770256,1.0676695704770256,0.10332809736354512,False,False
LUV,Southwest,38,t-38,19,-0.48737093618871796,1.5914353336354679,-0.3062461451546196,0.7631360747934852,0.005486595981349263,0.5486595981349263,-0.07407155986847631,False,False
LUV,Southwest,39,t-39,18,-1.062151062627586,1.5233684430425398,-0.6972384569725039,0.4956607891969599,0.02948788634911803,2.948788634911803,-0.17172037255118666,False,False
LUV,Southwest,40,t-40,17,-0.4290566949279857,1.615251118361926,-0.2656284772383286,0.79414143445693,0.004681876121346851,0.46818761213468507,-0.06842423635925232,False,False
LUV,Southwest,41,t-41,16,-1.3952336341420921,1.6458305082336457,-0.8477383467872998,0.41084310991369777,0.04882647535444484,4.882647535444484,-0.2209671363674806,False,False
LUV,Southwest,42,t-42,15,-0.5291305013269051,1.7740234425948227,-0.2982657887276609,0.7702141377001258,0.006796755728831538,0.6796755728831538,-0.08244243888211791,False,False
LUV,Southwest,43,t-43,14,-1.1328471569157648,1.9823643330913108,-0.5714626408502801,0.5782328211121404,0.026493141385841246,2.6493141385841246,-0.16276713853183378,False,False
LUV,Southwest,44,t-44,13,-0.39348740819019534,2.343197560536598,-0.16792754260980272,0.8696879213762547,0.0025570501475736807,0.25570501475736807,-0.050567283371500425,False,False
LUV,Southwest,45,t-45,12,-1.2659349747382453,2.9639975508017784,-0.42710392064791103,0.6783535132543046,0.01791497494502159,1.791497494502159,-0.13384683389987873,False,False
LUV,Southwest,46,t-46,11,-1.4411163908473452,4.16954173879367,-0.345629443504333,0.7375626079216648,0.013099428692807114,1.3099428692807114,-0.11445273562832417,False,False
LUV,Southwest,47,t-47,10,-2.3959854472433815,5.014405839046238,-0.47782040866861875,0.6455609825943458,0.027747165326816203,2.7747165326816203,-0.16657480399753202,False,False
LUV,Southwest,48,t-48,9,-5.0956740306043535,6.723396892715031,-0.7579017142548351,0.4732477747483991,0.0758362207283404,7.583622072834039,-0.2753837699072704,False,False
SKYW,SkyWest,0,t-0 (contemporaneous),57,0.6388007089842104,1.171568640853024,0.5452524817658971,0.5877843479936399,0.005376397535255872,0.5376397535255872,0.07332392198495621,False,False
SKYW,SkyWest,1,t-1,56,0.5552035890563473,1.0841245672326234,0.5121215825535441,0.6106541672494774,0.004833349627524575,0.48333496275245746,0.06952229590228284,False,False
SKYW,SkyWest,2,t-2,55,-0.3014275091689036,1.1039097193830694,-0.2730544933849838,0.7858724989169552,0.0014047927689797568,0.14047927689797568,-0.037480565216921474,False,False
SKYW,SkyWest,3,t-3,54,-0.026319341166503113,1.1086549714451297,-0.023739884675027346,0.9811509587627578,1.0838000313539986e-05,0.0010838000313539986,-0.0032921118318008855,False,False
SKYW,SkyWest,4,t-4,53,0.2041115605023055,1.1212984807274602,0.1820314251829583,0.8562796728334648,0.000649292650130584,0.0649292650130584,0.025481221519588627,False,False
SKYW,SkyWest,5,t-5,52,-0.8688772998297889,1.1158657589796586,-0.778657551625462,0.43985108677243934,0.011980869809805728,1.1980869809805728,-0.10945715970098001,False,False
SKYW,SkyWest,6,t-6,51,-0.4686128820043741,1.127923943573742,-0.41546496523480964,0.679615345592775,0.0035103105843915516,0.35103105843915516,-0.05924787409174667,False,False
SKYW,SkyWest,7,t-7,50,-0.5867892084453654,1.1284332577532648,-0.5200034688925028,0.6054512678154962,0.005601850978045997,0.5601850978045997,-0.07484551408097735,False,False
SKYW,SkyWest,8,t-8,49,-0.39467818981277486,1.141409150859547,-0.34578151884936215,0.7310499314434604,0.0025374779910661838,0.2537477991066184,-0.05037338574154358,False,False
SKYW,SkyWest,9,t-9,48,-3.1997878822569534,1.037561370973632,-3.0839504744228483,0.0034494507575558732,0.17133168689147726,17.133168689147727,-0.4139223198759366,True,True
SKYW,SkyWest,10,t-10,47,-0.12243321953733263,1.1430166580877825,-0.10711411655378507,0.9151745794456712,0.0002549002085419083,0.02549002085419083,-0.01596559452516385,False,False
SKYW,SkyWest,11,t-11,46,-1.7623585288863608,1.1295688537836601,-1.560204606370897,0.12587610357128548,0.05242335175288715,5.242335175288715,-0.2289614634668618,False,False
SKYW,SkyWest,12,t-12,45,-2.763001135974036,1.0939134379009694,-2.5257950403057094,0.015308843367938961,0.1291957679313095,12.919576793130949,-0.35943812809899556,True,True
SKYW,SkyWest,13,t-13,44,-3.6459120372488476,0.9713994362289801,-3.753257312360048,0.0005298583496472652,0.251162576155193,25.1162576155193,-0.501161227705409,True,True
SKYW,SkyWest,14,t-14,43,-0.3053210029336282,1.137105626776199,-0.2685071604115106,0.7896554200316084,0.001755354657944852,0.1755354657944852,-0.04189695284796753,False,False
SKYW,SkyWest,15,t-15,42,-2.1281012002211246,1.1050213751479465,-1.9258461854968212,0.06125227653685042,0.0848542271190863,8.48542271190863,-0.2912974890366997,False,True
SKYW,SkyWest,16,t-16,41,-1.5400598226574336,1.134767532637731,-1.3571588703085413,0.18253361832829065,0.04509783071374496,4.509783071374496,-0.21236249836952156,False,False
SKYW,SkyWest,17,t-17,40,0.0022461132782781723,1.128420855484223,0.0019904925253391654,0.9984222308968329,1.042647389537521e-07,1.042647389537521e-05,0.000322900509377045,False,False
SKYW,SkyWest,18,t-18,39,0.07375785441215421,1.1377909781843258,0.0648254871293286,0.9486619357755253,0.00011356396072292885,0.011356396072292885,0.010656639279012331,False,False
SKYW,SkyWest,19,t-19,38,-2.1714555838387204,1.071525345167894,-2.0265088396005058,0.05016999257268644,0.10239521521537598,10.239521521537597,-0.319992523686689,False,True
SKYW,SkyWest,20,t-20,37,0.43599649613323344,1.0747761911796623,0.4056625925577013,0.6874598562125906,0.004679772162387463,0.46797721623874633,0.06840886026230332,False,False
SKYW,SkyWest,21,t-21,36,-0.34079704535381594,1.0922012494395192,-0.3120277014228847,0.7569250318041425,0.002855390645548961,0.2855390645548961,-0.053435855430122914,False,False
SKYW,SkyWest,22,t-22,35,0.274513338345797,1.119537768794064,0.24520239155620038,0.8078182054724381,0.0018186323934487048,0.18186323934487048,0.042645426407162054,False,False
SKYW,SkyWest,23,t-23,34,2.646816708473037,1.0079452309196464,2.625952906248774,0.013145246134411303,0.1772854406102734,17.72854406102734,0.4210527765141484,True,True
SKYW,SkyWest,24,t-24,33,-1.146785003005726,1.0667633578020703,-1.0750134925598964,0.2906649032465755,0.0359393719330261,3.59393719330261,-0.18957682330133596,False,False
SKYW,SkyWest,25,t-25,32,2.806262526417453,0.9619014616274921,2.91741164595944,0.0066269389936668725,0.22100767215605555,22.100767215605554,0.47011453089226624,True,True
SKYW,SkyWest,26,t-26,31,0.10615260383099367,1.0960311764857287,0.09685181052181126,0.9235103328696435,0.0003233531055475414,0.03233531055475414,0.017982021731375634,False,False
SKYW,SkyWest,27,t-27,30,0.1634507387039293,1.0519666586519336,0.1553763490122272,0.8776393439986595,0.0008614647326646852,0.08614647326646852,0.02935071945736355,False,False
SKYW,SkyWest,28,t-28,29,-0.18193332490787284,1.071611064010058,-0.1697755193260726,0.8664523668881134,0.0010664070051146224,0.10664070051146224,-0.03265588775572473,False,False
SKYW,SkyWest,29,t-29,28,0.49559103071614896,0.941538663017053,0.5263629101837243,0.6030978326685498,0.010543718940381086,1.0543718940381086,0.10268261264878864,False,False
SKYW,SkyWest,30,t-30,27,0.020831734091199886,0.9662085168697666,0.02156028820640975,0.9829698746999104,1.859349537702837e-05,0.0018593495377028368,0.0043120175529837105,False,False
SKYW,SkyWest,31,t-31,26,0.3919314416995936,0.9829779655256461,0.39871844074348994,0.6936260273109733,0.006580427597168481,0.6580427597168481,0.08111983479500064,False,False
SKYW,SkyWest,32,t-32,25,0.45245276507561094,0.9975896874382358,0.4535459525824577,0.6544060129563088,0.008864369368610903,0.8864369368610903,0.09415077996814901,False,False
SKYW,SkyWest,33,t-33,24,1.310681240846138,0.9833980567591999,1.3328084511021954,0.19623447922985424,0.07471189850218363,7.471189850218362,0.2733347736790615,False,False
SKYW,SkyWest,34,t-34,23,0.5064614158661408,1.03697182957229,0.4884042183431696,0.6303247091535654,0.011231407399721727,1.1231407399721727,0.10597833457703609,False,False
SKYW,SkyWest,35,t-35,22,1.0530129534554158,1.0526261635009673,1.0003674523471486,0.32908313798689814,0.04765238158678664,4.765238158678664,0.21829425458950263,False,False
SKYW,SkyWest,36,t-36,21,0.11509004815809776,1.1192389003825802,0.10282884924635614,0.9191763684145828,0.0005562047923443059,0.055620479234430587,0.02358399441028003,False,False
SKYW,SkyWest,37,t-37,20,0.1673051605742345,1.1031335687550112,0.1516635567196581,0.881139210656315,0.0012762487985165105,0.12762487985165105,0.03572462453989252,False,False
SKYW,SkyWest,38,t-38,19,0.8617223404746811,1.111110198424669,0.7755507434783969,0.4486693129241087,0.03417206913256432,3.417206913256432,0.18485688824754218,False,False
SKYW,SkyWest,39,t-39,18,-0.12729408318845908,1.1640827757793222,-0.10935140166749664,0.9142835213813374,0.0007467999384580537,0.07467999384580537,-0.02732764055783319,False,False
SKYW,SkyWest,40,t-40,17,1.3040050023520853,1.1965236567893924,1.089828015478687,0.29298787929375236,0.07337195904558913,7.337195904558913,0.27087258821370097,False,False
SKYW,SkyWest,41,t-41,16,0.13139191662889538,1.3107967920662873,0.10023820429234835,0.9215765150947585,0.0007171779723117444,0.07171779723117444,0.026780178720682245,False,False
SKYW,SkyWest,42,t-42,15,1.9481322700613997,1.2516046930881757,1.5565076424047521,0.14358921986478249,0.1570875087400374,15.70875087400374,0.39634266580830946,False,False
SKYW,SkyWest,43,t-43,14,-2.5589579175857002,1.2908958354849598,-1.9823116995527055,0.07081640920868401,0.24668350880734202,24.668350880734202,-0.4966724361260066,False,True
SKYW,SkyWest,44,t-44,13,2.9981626267071766,1.3514847011752338,2.2184214324438987,0.048499119407495433,0.3091057076734589,30.91057076734589,0.5559727580317754,True,True
SKYW,SkyWest,45,t-45,12,-1.12426558624752,1.6497772691058479,-0.681465072468148,0.5110500378938778,0.04437854847305267,4.4378548473052675,-0.2106621666865043,False,False
SKYW,SkyWest,46,t-46,11,-0.16123790561920803,1.622142328353745,-0.09939812481364856,0.9230009742503045,0.0010965725659485281,0.10965725659485281,-0.03311453707887916,False,False
SKYW,SkyWest,47,t-47,10,0.8700802459596957,1.6467888015497303,0.5283496251255148,0.6115952099706583,0.033717617655555476,3.3717617655555476,0.18362357597965298,False,False
SKYW,SkyWest,48,t-48,9,0.9526094260589204,1.5208903567274124,0.6263498363607914,0.5509559635764394,0.05307054208910977,5.307054208910977,0.23037044534642367,False,False
UAL,United,0,t-0 (contemporaneous),57,-0.12963731843914833,1.3117439626831473,-0.09882821810285115,0.9216339836132872,0.0001775505918871767,0.01775505918871767,-0.013324811138890068,False,False
UAL,United,1,t-1,56,-0.7184264700664403,1.2634982592565944,-0.5686010762603991,0.5719841200432159,0.00595153720722208,0.595153720722208,-0.07714620669366795,False,False
UAL,United,2,t-2,55,-1.162488146470821,1.2663165939385952,-0.9180075125250954,0.3627738261205352,0.015651837696136872,1.5651837696136872,-0.1251073047273294,False,False
UAL,United,3,t-3,54,-0.028561593315812983,1.290893390936229,-0.022125447009298343,0.9824325722653953,9.41405378540594e-06,0.000941405378540594,-0.003068233007049904,False,False
UAL,United,4,t-4,53,0.6531760413568349,1.301211687722509,0.5019752339452768,0.6178453215829472,0.004916476197499797,0.4916476197499797,0.070117588360552,False,False
UAL,United,5,t-5,52,-0.819757361570985,1.3035678784423008,-0.628856674920952,0.5323054739068811,0.007847149563900646,0.7847149563900646,-0.0885841383313106,False,False
UAL,United,6,t-6,51,-2.186518929255616,1.27325094029876,-1.7172725815875414,0.09224449235412673,0.056767670089865496,5.67676700898655,-0.23825966945722354,False,True
UAL,United,7,t-7,50,1.1363483308594717,1.3147890670461355,0.8642818527632293,0.3917317442197237,0.0153236789887371,1.53236789887371,0.12378884840217741,False,False
UAL,United,8,t-8,49,0.33724278040434996,1.3382019727788523,0.2520118691082529,0.8021306728105521,0.0013494527330297768,0.13494527330297768,0.03673489802667479,False,False
UAL,United,9,t-9,48,-1.124167570574829,1.3430155952135374,-0.8370472945968197,0.40689373965536313,0.015002964643883954,1.5002964643883954,-0.12248658964916859,False,False
UAL,United,10,t-10,47,1.9604769579179715,1.3275511320113433,1.4767619194807933,0.1467039313891728,0.0462227129640842,4.62227129640842,0.21499468124603544,False,False
UAL,United,11,t-11,46,-1.3843256343670165,1.3609141532318059,-1.017202761158457,0.31461784350429556,0.02297564819629716,2.297564819629716,-0.15157720209944894,False,False
UAL,United,12,t-12,45,-1.9540343739251704,1.3622534106040052,-1.4344132734149495,0.15868747291465107,0.04566475163179662,4.566475163179662,-0.21369312490531048,False,False
UAL,United,13,t-13,44,2.108859174085947,1.3762530883705966,1.5323193036992295,0.132942282046118,0.05294494269987782,5.294494269987782,0.23009768077900628,False,False
UAL,United,14,t-14,43,0.5175092587161093,1.430996778581768,0.3616425043451197,0.7194763486888671,0.0031797423752568665,0.31797423752568665,0.056389204421206526,False,False
UAL,United,15,t-15,42,-0.011477951429728295,1.460184377996872,-0.00786061787996535,0.9937672730088201,1.5447304501092773e-06,0.00015447304501092773,-0.0012428718558946594,False,False
UAL,United,16,t-16,41,-0.33320912850456097,1.4777555985579975,-0.22548324555813448,0.822780794036654,0.0013019615076117486,0.13019615076117486,-0.03608270371815102,False,False
UAL,United,17,t-17,40,1.0121866472317014,1.4232342396862707,0.711187673123169,0.4813109254701584,0.013135373508829096,1.3135373508829096,0.11460965713598943,False,False
UAL,United,18,t-18,39,1.52198612375226,1.4301762526917394,1.064194794793806,0.29413653731434763,0.029699344328421695,2.9699344328421695,0.17233497708945186,False,False
UAL,United,19,t-19,38,-2.407072578048318,1.4113853173336726,-1.705468059279272,0.09672285801800141,0.07475518802642522,7.475518802642522,-0.27341394994847107,False,True
UAL,United,20,t-20,37,-0.8927416422085549,1.4718877774568384,-0.6065283344842054,0.5480782444896213,0.010401433608220101,1.04014336082201,-0.10198741887223192,False,False
UAL,United,21,t-21,36,-0.29510015188249616,1.4229693747771932,-0.2073833471846171,0.8369476215813472,0.0012633388000142798,0.12633388000142798,-0.035543477601584446,False,False
UAL,United,22,t-22,35,-2.5399023999572217,1.3793817062498273,-1.8413339748158195,0.07457712587985992,0.09317019002042803,9.317019002042803,-0.305237923627501,False,True
UAL,United,23,t-23,34,1.3739668057031753,1.422602822583341,0.9658119496825922,0.34138114419862353,0.028324130601967368,2.8324130601967368,0.1682977439004083,False,False
UAL,United,24,t-24,33,1.0703923962446338,1.3762657425129194,0.7777512461294049,0.4426112477178692,0.01913934416047791,1.9139344160477911,0.13834501856040243,False,False
UAL,United,25,t-25,32,-0.4171086993839064,1.4119432110852896,-0.2954146428193071,0.7697121689812583,0.002900556007232047,0.2900556007232047,-0.053856810221473844,False,False
UAL,United,26,t-26,31,0.10508236893094014,1.4001963092876044,0.0750483116073947,0.9406915921570371,0.0001941777730183336,0.01941777730183336,0.013934768495334109,False,False
UAL,United,27,t-27,30,-0.3555705094139361,1.421981025868184,-0.25005292120325173,0.80437199369908,0.0022281124076206638,0.22281124076206638,-0.047202885585738284,False,False
UAL,United,28,t-28,29,0.7452866977977541,1.4400510367718375,0.5175418639803652,0.6089925580329667,0.009822908116640772,0.9822908116640772,0.09911058529057694,False,False
UAL,United,29,t-29,28,0.5601796859091166,1.4496672361898355,0.3864194981611356,0.7023303582241569,0.0057102834183080375,0.5710283418308038,0.07556641726526246,False,False
UAL,United,30,t-30,27,0.39672497257342165,1.4783306715635356,0.2683601038689342,0.7906241655109867,0.0028724112994598094,0.28724112994598094,0.05359488128039515,False,False
UAL,United,31,t-31,26,0.982115281947598,1.4788033992105198,0.6641283638324839,0.5129386440744885,0.01804612265761496,1.804612265761496,0.13433585767625458,False,False
UAL,United,32,t-32,25,-0.5696274774242743,1.466686623824929,-0.38837708626452155,0.7013087125707163,0.006515391330845333,0.6515391330845333,-0.08071797402589762,False,False
UAL,United,33,t-33,24,2.3376282667277786,1.3390611367734868,1.7457218363908111,0.09481157476213095,0.12167039775340938,12.167039775340937,0.34881284057988676,False,True
UAL,United,34,t-34,23,2.069262982168958,1.3808097690105077,1.4985865747834315,0.14886369630892052,0.0966095131218705,9.660951312187049,0.31082070896558756,False,False
UAL,United,35,t-35,22,-0.2406072872073921,1.4936558806123814,-0.16108615801702997,0.8736416178692286,0.0012957563523322557,0.12957563523322557,-0.03599661584555225,False,False
UAL,United,36,t-36,21,-1.4087184720727928,1.4953679092912353,-0.9420547701471592,0.3579895023637496,0.04462444520864772,4.462444520864772,-0.21124498860007965,False,False
UAL,United,37,t-37,20,0.24774601237930682,1.566999035144425,0.15810221118385878,0.876136437384383,0.0013867580748682107,0.13867580748682107,0.037239200781812413,False,False
UAL,United,38,t-38,19,-0.6793413790362421,1.605146886400639,-0.42322692383597904,0.6774354608217884,0.01042667018624932,1.042667018624932,-0.10211106789300238,False,False
UAL,United,39,t-39,18,-1.2949692104999997,1.6298538097880528,-0.7945308976321,0.438513424466186,0.03795735337671757,3.7957353376717573,-0.19482646990775554,False,False
UAL,United,40,t-40,17,1.0097414902149167,1.6970720811404296,0.5949903374383321,0.5607192587669816,0.023056740285336663,2.3056740285336663,0.15184446083192046,False,False
UAL,United,41,t-41,16,1.4799021146274842,1.6956707111906406,0.87275324440106,0.39751978879417327,0.051599633996783356,5.159963399678336,0.227155528210923,False,False
UAL,United,42,t-42,15,-2.204367587717813,1.6647455238228104,-1.3241468778097991,0.2082646924248125,0.11884508784800729,11.88450878480073,-0.3447391591450081,False,False
UAL,United,43,t-43,14,-1.6643303068955801,1.7616987079262771,-0.9447303897127161,0.3634306711726949,0.06922741404550681,6.922741404550681,-0.2631110298818859,False,False
UAL,United,44,t-44,13,0.022971531469897943,1.7662671020306164,0.013005695142874123,0.9898561361877023,1.537686410746364e-05,0.001537686410746364,0.003921334480435111,False,False
UAL,United,45,t-45,12,-0.9685966685851666,1.4775782356248615,-0.6555298699128113,0.5269192796976481,0.041201435382964946,4.120143538296494,-0.20298136708320105,False,False
UAL,United,46,t-46,11,-0.573166518429213,1.386680716176098,-0.41333705137962357,0.6890343877063501,0.018629414316077897,1.8629414316077897,-0.1364896124841664,False,False
UAL,United,47,t-47,10,3.1749747080393664,2.500572096409477,1.2696993270452994,0.23987830336744007,0.16771884180391894,16.771884180391893,0.40953490913952517,False,False
UAL,United,48,t-48,9,5.792300805446258,2.04468819882885,2.8328528568629454,0.02530248062701213,0.534111531957135,53.4111531957135,0.7308293453037684,True,True
ULCC,Frontier,0,t-0 (contemporaneous),54,-0.19784705176460604,2.5341040539757516,-0.0780737679079137,0.9380690296829683,0.00011720766912370895,0.011720766912370895,-0.010826249079152684,False,False
ULCC,Frontier,1,t-1,53,-3.4520433488155384,2.583859254683025,-1.3360028579571446,0.18747948525804856,0.03381466126683341,3.3814661266833412,-0.18388763217474224,False,False
ULCC,Frontier,2,t-2,52,-0.7369077390898144,2.703958881617876,-0.2725291956543718,0.7863375104407503,0.0014832399808629715,0.14832399808629715,-0.03851285474829344,False,False
ULCC,Frontier,3,t-3,51,0.4110220274225983,2.795940101462419,0.14700673566204545,0.883729902191898,0.0004408459840025136,0.04408459840025136,0.020996332632211824,False,False
ULCC,Frontier,4,t-4,50,-1.820480580290982,2.895987674075361,-0.6286216604399845,0.5325768804811608,0.00816538574476977,0.8165385744769771,-0.09036252400619252,False,False
ULCC,Frontier,5,t-5,49,2.5023086900010485,2.976063266149672,0.8408116582946333,0.40471088246806386,0.014818889776713307,1.4818889776713307,0.1217328623532418,False,False
ULCC,Frontier,6,t-6,48,4.440582502182319,3.0407184940426113,1.4603727740276935,0.15098443619722934,0.044308529180892786,4.430852918089279,0.21049591250400296,False,False
ULCC,Frontier,7,t-7,47,0.05708343202124855,3.1954442269290615,0.017864005117093785,0.9858263163371512,7.091564794170502e-06,0.0007091564794170502,0.002662999210349159,False,False
ULCC,Frontier,8,t-8,46,1.0617124094425527,3.2675594594151582,0.3249251995654832,0.7467776098820691,0.0023937196600797295,0.23937196600797295,0.048925654416468234,False,False
ULCC,Frontier,9,t-9,45,-0.6810820664745838,3.3388412205209446,-0.20398755780555436,0.8393256025942495,0.0009667603708698458,0.09667603708698458,-0.031092770395542854,False,False
ULCC,Frontier,10,t-10,44,-4.934221616073907,3.3356009416252315,-1.4792601700339392,0.14653269902297006,0.04952023669726746,4.952023669726746,-0.22253142856070302,False,False
ULCC,Frontier,11,t-11,43,-3.5102156847036765,3.4577214886224055,-1.0151817305858792,0.31597280921340754,0.024520089995316185,2.4520089995316185,-0.15658892041046893,False,False
ULCC,Frontier,12,t-12,42,-3.6378118621046602,3.5395425982391555,-1.0277632663368401,0.31023632421216424,0.025728022259268735,2.5728022259268735,-0.16039957063305632,False,False
ULCC,Frontier,13,t-13,41,-1.010909342078033,3.877212580658668,-0.2607309558214365,0.7956718225644155,0.0017400600242198916,0.17400600242198916,-0.04171402670828851,False,False
ULCC,Frontier,14,t-14,40,1.6347992044513786,4.097346409162053,0.3989897463382187,0.6921341989170988,0.004171807785443016,0.4171807785443016,0.06458953309510103,False,False
ULCC,Frontier,15,t-15,39,7.0600522496713065,4.011824875799453,1.7598106767470552,0.08670628745672351,0.077236170912661,7.7236170912660995,0.27791396314805994,False,True
ULCC,Frontier,16,t-16,38,9.557646789651661,3.9539068123089445,2.417266577931898,0.020829280266926795,0.13964469308361338,13.964469308361338,0.373690638207078,True,True
ULCC,Frontier,17,t-17,37,2.7843041289511783,4.245711252293572,0.6557921543644948,0.5162459144399962,0.012138373716154671,1.2138373716154671,0.11017428790854554,False,False
ULCC,Frontier,18,t-18,36,-0.576857751538441,4.196845499375747,-0.1374503187273024,0.8914856240856156,0.0005553558237730849,0.05553558237730849,-0.023565988707737164,False,False
ULCC,Frontier,19,t-19,35,3.551752531976126,4.26919723728538,0.8319485689151598,0.4114180417608291,0.02054302438939304,2.054302438939304,0.14332837956731756,False,False
ULCC,Frontier,20,t-20,34,-5.958327328963183,4.2886142005965135,-1.3893362867973587,0.17432308841752914,0.05688891226228343,5.688891226228343,-0.23851396659794016,False,False
ULCC,Frontier,21,t-21,33,-7.997468849329619,4.511109359711315,-1.7728386105544136,0.0860828425176192,0.09205285772675253,9.205285772675253,-0.3034021386324632,False,True
ULCC,Frontier,22,t-22,32,2.971642533316234,4.786786955296577,0.620801084541294,0.5394187941334583,0.012683527708675424,1.2683527708675424,0.11262116900776388,False,False
ULCC,Frontier,23,t-23,31,-2.2394818383306885,4.877284302834435,-0.4591657363564418,0.6495384603116953,0.007217636422483964,0.7217636422483964,-0.08495667379602416,False,False
ULCC,Frontier,24,t-24,30,0.16480689095964163,5.005671266234941,0.032924033999460485,0.9739687490100524,3.871250181275432e-05,0.003871250181275432,0.00622193714309867,False,False
ULCC,Frontier,25,t-25,29,2.4562553172971238,5.048975685234881,0.48648586771375146,0.630548331912403,0.008689333627189932,0.8689333627189932,0.0932165952349148,False,False
ULCC,Frontier,26,t-26,28,-0.0035373087087529065,5.1358925968466655,-0.0006887427340137025,0.9994557202516381,1.8244867283634392e-08,1.8244867283634392e-06,-0.00013507356186709917,False,False
ULCC,Frontier,27,t-27,27,-1.1558735804416216,5.262350682552807,-0.21964966802267508,0.827927611461096,0.0019261219610915425,0.19261219610915425,-0.04388760600775006,False,False
ULCC,Frontier,28,t-28,26,1.9024765010702853,5.2103579034138,0.36513355441932166,0.7182098281371027,0.0055244159809941795,0.552441598099418,0.0743264150958064,False,False
ULCC,Frontier,29,t-29,25,3.2472261552211066,5.190008861240124,0.6256687111792714,0.5376918726136648,0.016735223615284456,1.6735223615284456,0.1293646923054529,False,False
ULCC,Frontier,30,t-30,24,-1.7179176505446934,5.137122582602332,-0.334412430873791,0.7412354827385764,0.005057549079247159,0.5057549079247159,-0.07111644731879684,False,False
ULCC,Frontier,31,t-31,23,-5.703652394676291,5.488211523198344,-1.0392552055559978,0.31050456784841185,0.04891525674357122,4.891525674357123,-0.22116793787430222,False,False
ULCC,Frontier,32,t-32,22,0.8840420024248785,5.451562738683377,0.16216304292929887,0.8728046076892079,0.0013131160836065137,0.13131160836065137,0.03623694362948811,False,False
ULCC,Frontier,33,t-33,21,0.47597706539733586,5.593763773729267,0.08509066250397092,0.9330795464189754,0.0003809296186638722,0.03809296186638722,0.01951741834013545,False,False
ULCC,Frontier,34,t-34,20,-4.680312718156574,5.287864493818918,-0.8851045112119416,0.38777136144293745,0.0417075491587654,4.17075491587654,-0.20422426192488854,False,False
ULCC,Frontier,35,t-35,19,-0.6466864477006322,5.497188945483625,-0.11763947976209481,0.907732063578932,0.0008133994426715585,0.08133994426715585,-0.028520158531670656,False,False
ULCC,Frontier,36,t-36,18,-0.0293749658190241,5.490769073865439,-0.005349881851495251,0.9957975689416536,1.7888240388952426e-06,0.00017888240388952426,-0.001337469266623599,False,False
ULCC,Frontier,37,t-37,17,-1.3734137315660404,6.0078008051784275,-0.2286050713236407,0.8222632472550025,0.0034719223337549288,0.3471922333754929,-0.058923020405908196,False,False
ULCC,Frontier,38,t-38,16,0.46263818670077567,6.386299772043395,0.07244229103150093,0.9432747072933384,0.00037470850732435057,0.03747085073243506,0.0193573889593672,False,False
ULCC,Frontier,39,t-39,15,20.510423208119448,5.835360735825601,3.5148509469513685,0.0038041755895131296,0.4872639759486511,48.72639759486511,0.6980429613918123,True,True
ULCC,Frontier,40,t-40,14,6.464450803657348,8.296597736020592,0.7791688845647202,0.45097334292364166,0.048155717872877646,4.815571787287764,0.21944411104624645,False,False
ULCC,Frontier,41,t-41,13,-7.7693308962871255,7.358454081365627,-1.0558373824689609,0.3136804241264253,0.09201912216171027,9.201912216171026,-0.30334653807437845,False,False
ULCC,Frontier,42,t-42,12,3.3265264790092512,7.907204423181774,0.4206956467771062,0.6828752028796284,0.01739069382749625,1.739069382749625,0.13187377990903298,False,False
ULCC,Frontier,43,t-43,11,-4.872269921609949,8.253938920064838,-0.590296338365886,0.5695149684441076,0.03727353473245476,3.727353473245476,-0.1930635510200076,False,False
ULCC,Frontier,44,t-44,10,-8.949012075389858,8.426295838919598,-1.0620339288416536,0.31922605878828353,0.12356775170302048,12.356775170302047,-0.3515220500950409,False,False
ULCC,Frontier,45,t-45,9,-5.151775644274608,9.04630568115408,-0.5694894497106328,0.5868256348606218,0.04427964801635775,4.427964801635776,-0.21042729864815,False,False
ULCC,Frontier,46,t-46,8,0.6246063572717269,10.210894854627986,0.0611705796763376,0.9532100684374991,0.0006232512852438754,0.06232512852438754,0.024965001206567236,False,False
ULCC,Frontier,47,t-47,7,27.927398964295037,6.3643655462390765,4.388088453027074,0.007100577851660777,0.793859658663978,79.3859658663978,0.8909880238611393,True,True
ULCC,Frontier,48,t-48,6,-11.982294297705877,11.601834529214223,-1.0327930697109695,0.3600518815260516,0.21052551460422642,21.05255146042264,-0.45883059466891085,False,False
UPS,United Parcel Service,0,t-0 (contemporaneous),57,-0.480754143927386,1.839849189875427,-0.2613008427934993,0.7948365280056517,0.0012398813393594832,0.12398813393594832,-0.035211948815131296,False,False
UPS,United Parcel Service,1,t-1,56,-0.12224560328048584,1.856480200703956,-0.06584805118531924,0.9477419834418405,8.028921691849433e-05,0.008028921691849433,-0.008960425041177316,False,False
UPS,United Parcel Service,2,t-2,55,2.542910183775099,1.825386120530957,1.3930807050485479,0.16941116303197432,0.035323080602351675,3.5323080602351675,0.18794435506913099,False,False
UPS,United Parcel Service,3,t-3,54,0.25305567112358324,1.7576651576429767,0.143972627564018,0.886078604300125,0.00039845881128131033,0.03984588112813103,0.01996143309688482,False,False
UPS,United Parcel Service,4,t-4,53,-0.047681819625852606,1.7632571676242463,-0.027041897518611815,0.9785318559701628,1.4338308555239543e-05,0.0014338308555239543,-0.003786595905981703,False,False
UPS,United Parcel Service,5,t-5,52,0.14689541906455506,1.7822589086511487,0.08242092007593253,0.9346410748971503,0.00013584570476055102,0.013584570476055102,0.011655286558490019,False,False
UPS,United Parcel Service,6,t-6,51,-0.2633355886144656,1.789088975667353,-0.14718976652138727,0.8835862026762858,0.0004419439332570274,0.04419439332570274,-0.021022462587840164,False,False
UPS,United Parcel Service,7,t-7,50,0.15525796126003144,1.8046538019935339,0.08603199189147732,0.9317988569391878,0.00015417421891184002,0.015417421891184002,0.012416691141844885,False,False
UPS,United Parcel Service,8,t-8,49,0.09442772321885284,1.8132529547026845,0.05207642043210456,0.9586885109274896,5.7697810452062015e-05,0.0057697810452062015,0.0075959074804716545,False,False
UPS,United Parcel Service,9,t-9,48,-0.36850038212250785,1.7258782943034656,-0.21351469761153014,0.8318690636503013,0.000990073697729188,0.0990073697729188,-0.03146543655710286,False,False
UPS,United Parcel Service,10,t-10,47,-0.5807523359980694,1.7336034879501228,-0.33499721247375464,0.739183804530767,0.002487643582448018,0.2487643582448018,-0.04987628276493647,False,False
UPS,United Parcel Service,11,t-11,46,0.6598122092541536,1.7221446766611928,0.38313401783023493,0.7034652614782679,0.0033250813943020985,0.33250813943020985,0.05766351874714447,False,False
UPS,United Parcel Service,12,t-12,45,-0.5262656458233473,1.7448706717937128,-0.3016072505146473,0.7644053366017354,0.0021110441476808184,0.21110441476808184,-0.04594610046218071,False,False
UPS,United Parcel Service,13,t-13,44,1.999148163840029,1.752975765328022,1.1404311476410756,0.26056837204784544,0.030036159014933284,3.0036159014933284,0.17330943140791086,False,False
UPS,United Parcel Service,14,t-14,43,1.5389487424741781,1.8085467841270848,0.8509311210420076,0.39975014419284105,0.0173540964183031,1.73540964183031,0.1317349475966929,False,False
UPS,United Parcel Service,15,t-15,42,0.5334981504651504,1.7744216193987181,0.30066030791821163,0.7652307753102536,0.002254819816640996,0.2254819816640996,0.04748494305188557,False,False
UPS,United Parcel Service,16,t-16,41,2.490356721430886,1.8770168126921507,1.3267631406343343,0.19230349158449914,0.04318664025332253,4.318664025332253,0.20781395586755613,False,False
UPS,United Parcel Service,17,t-17,40,3.427460880818118,1.8813511238346885,1.8218081874222665,0.07636252300760425,0.08032590989335098,8.032590989335098,0.2834182596329157,False,True
UPS,United Parcel Service,18,t-18,39,-0.019657219769799172,1.9585516619357786,-0.010036610293123704,0.9920460003166642,2.7225208627523756e-06,0.00027225208627523756,-0.0016500063220751746,False,False
UPS,United Parcel Service,19,t-19,38,-1.1625368819828155,1.9834070665590506,-0.5861312594795094,0.5614445512028636,0.009452842518835047,0.9452842518835047,-0.09722572971613427,False,False
UPS,United Parcel Service,20,t-20,37,2.787962611962422,1.8471450409119232,1.509336056569777,0.14018845828113435,0.06111082960096237,6.111082960096237,0.24720604685355582,False,False
UPS,United Parcel Service,21,t-21,36,0.28052387492408026,1.9263958736484357,0.14562109416938848,0.8850804248051686,0.0006233025183418617,0.06233025183418617,0.024966027283929784,False,False
UPS,United Parcel Service,22,t-22,35,1.6102703439840713,1.8269345885979782,0.8814055818056524,0.38447322729336597,0.02300022667124446,2.300022667124446,0.15165825619215328,False,False
UPS,United Parcel Service,23,t-23,34,-2.48283516346691,1.8002677306443142,-1.3791477351973116,0.1774129115238291,0.056104234435109035,5.6104234435109035,-0.23686332437739072,False,False
UPS,United Parcel Service,24,t-24,33,-0.09989984160618248,2.8701093457182374,-0.034806981049421586,0.9724568164233498,3.9079954303078424e-05,0.003907995430307842,-0.006251396188302533,False,False
UPS,United Parcel Service,25,t-25,32,2.0349386415420687,2.9910786661782582,0.6803360488482696,0.5015088416403992,0.015194147326529017,1.5194147326529017,0.12326454204891557,False,False
UPS,United Parcel Service,26,t-26,31,-1.0731580914804697,3.0455476606951994,-0.3523694950928801,0.7271092045498198,0.004263272928932471,0.4263272928932471,-0.06529374341338141,False,False
UPS,United Parcel Service,27,t-27,30,-1.219864309982688,3.159247888746122,-0.3861249110359749,0.7023226613460554,0.005296527666164286,0.5296527666164286,-0.07277724689876798,False,False
UPS,United Parcel Service,28,t-28,29,-0.4110204102949564,3.4659105298689767,-0.11858944619395423,0.9064785316854673,0.000520597605432993,0.052059760543299305,-0.02281660810533942,False,False
UPS,United Parcel Service,29,t-29,28,-3.5750192353618164,3.5850278001345446,-0.9972082323120751,0.32785435461751267,0.03683813550031534,3.683813550031534,-0.19193263271344804,False,False
UPS,United Parcel Service,30,t-30,27,-1.441627589993833,4.011274653704725,-0.35939388709331516,0.7223183733757974,0.005140002518762232,0.5140002518762232,-0.07169381088184895,False,False
UPS,United Parcel Service,31,t-31,26,-3.5641124081374658,4.16625448208222,-0.8554716048829033,0.40075021289106394,0.02959067798219317,2.959067798219317,-0.17201941164355025,False,False
UPS,United Parcel Service,32,t-32,25,-4.066547909427221,4.462920256654749,-0.9111854291735353,0.3716492321076883,0.03484053154009792,3.484053154009792,-0.18665618537862003,False,False
UPS,United Parcel Service,33,t-33,24,-6.606576088320678,4.512707742806065,-1.4639937848518008,0.1573391155572697,0.08877327344092578,8.877327344092578,-0.29794844091037953,False,False
UPS,United Parcel Service,34,t-34,23,-2.326852358439871,5.147849876782143,-0.4520047037374675,0.6558997284000659,0.009635223642798563,0.9635223642798563,-0.0981591750311637,False,False
UPS,United Parcel Service,35,t-35,22,-16.013213289087616,4.6530690701092405,-3.441430386656967,0.0025822423719240655,0.3719272148650835,37.192721486508354,-0.6098583563952237,True,True
UPS,United Parcel Service,36,t-36,21,7.047642426047517,5.708753980574292,1.2345325179591178,0.2320556613694921,0.07425771291733885,7.425771291733884,0.27250268423877766,False,False
UPS,United Parcel Service,37,t-37,20,-1.7849004304276015,6.181809113649346,-0.2887343167045658,0.7760835226135213,0.004610175931935023,0.46101759319350233,-0.06789827635466997,False,False
UPS,United Parcel Service,38,t-38,19,8.566968418257272,6.542981003814253,1.3093371986351676,0.20784160730364687,0.09160684856376788,9.160684856376788,0.3026662329427711,False,False
UPS,United Parcel Service,39,t-39,18,-12.980798074576562,8.270369328314139,-1.5695548238862767,0.13608169639285908,0.13342551695383875,13.342551695383875,-0.36527457748088465,False,False
UPS,United Parcel Service,40,t-40,17,11.130429848291772,8.698456464294603,1.2795867742719558,0.2201290712677772,0.09841369385199139,9.841369385199139,0.3137095692706735,False,False
UPS,United Parcel Service,41,t-41,16,9.104247269730273,9.329280281482802,0.9758788454239942,0.34568645873725246,0.063691673106538,6.3691673106538005,0.2523720925667855,False,False
UPS,United Parcel Service,42,t-42,15,-7.242532404196344,9.96267366064831,-0.7269667411473804,0.48013339149280443,0.03906430120948323,3.906430120948323,-0.1976469104476042,False,False
UPS,United Parcel Service,43,t-43,14,-2.9717595150642198,11.280832533310997,-0.26343441463996176,0.796684786668743,0.005749888486109023,0.5749888486109023,-0.0758280191361291,False,False
UPS,United Parcel Service,44,t-44,13,19.045783280204617,9.872219703311634,1.9292300873141743,0.07989091192341077,0.2528152933022153,25.28152933022153,0.5028074117415289,False,True
UPS,United Parcel Service,45,t-45,12,11.723371096197534,11.568458045342625,1.013390985233099,0.3347648577606307,0.0931318485701641,9.31318485701641,0.30517511132162123,False,False
UPS,United Parcel Service,46,t-46,11,-24.229081150802273,13.449083722012025,-1.8015414024932195,0.10513385083443993,0.26503922218631115,26.503922218631114,-0.51481960159488,False,False
UPS,United Parcel Service,47,t-47,10,-5.532738876856561,17.046565164522644,-0.3245661999035038,0.753833653655821,0.012996762170946918,1.2996762170946918,-0.11400334280602059,False,False
UPS,United Parcel Service,48,t-48,9,20.072820636533184,20.32701362104694,0.9874948190003394,0.35629620112283555,0.12227312395363199,12.2273123953632,0.34967574115690664,False,False
