symbol,date,open,high,low,close,volume,vwap,change,changePercent
JETS,2021-01-19,22.56,22.68,22.345,22.46,4454251,22.51,-0.1,-0.44326
JETS,2021-01-20,22.71,22.85,22.5,22.8,3934936,22.7,0.09,0.3963
JETS,2021-01-21,22.67,22.67,22.07,22.38,6078163,22.34,-0.29,-1.28
JETS,2021-01-22,22.11,22.25,21.89,22.25,5656931,22.06,0.14,0.6332
JETS,2021-01-25,21.9,22.0,21.331,21.7,10298760,21.64,-0.2,-0.91324
JETS,2021-01-26,21.79,21.975,21.685,21.74,9687884,21.81,-0.05,-0.22946
JETS,2021-01-27,21.33,21.79,21.26,21.38,6027094,21.52,0.05,0.23441
JETS,2021-01-28,22.38,22.78,21.73,22.07,8842602,22.27,-0.31,-1.39
JETS,2021-01-29,22.0,22.07,21.14,21.38,6089845,21.55,-0.62,-2.82
JETS,2021-02-01,21.57,21.64,21.21,21.52,3109196,21.43,-0.05,-0.2318
JETS,2021-02-02,21.81,21.945,21.68,21.83,4505365,21.83,0.02,0.09170105
JETS,2021-02-03,21.93,22.45,21.86,22.38,3137960,22.25,0.45,2.05
JETS,2021-02-04,22.33,23.0,22.31,22.89,4844216,22.78,0.56,2.51
JETS,2021-02-05,23.16,23.21,22.85,23.05,4471867,23.07,-0.11,-0.47496
JETS,2021-02-08,23.2,23.86,23.18,23.7,4832266,23.62,0.5,2.16
JETS,2021-02-09,23.66,23.67,23.3103,23.49,3297651,23.48,-0.17,-0.71851
JETS,2021-02-10,23.66,23.71,23.35,23.55,3125230,23.57,-0.11,-0.46492
JETS,2021-02-11,23.52,23.56,23.07,23.42,3118533,23.33,-0.1,-0.42517
JETS,2021-02-12,23.34,23.66,23.27,23.56,3179886,23.52,0.22,0.94259
JETS,2021-02-16,24.0,24.05,23.72,23.99,6363537,23.91,-0.01,-0.04166667
JETS,2021-02-17,23.93,24.36,23.74,24.36,8384749,24.13,0.43,1.8
JETS,2021-02-18,24.08,24.15,23.67,24.11,3870726,23.94,0.03,0.12458
JETS,2021-02-19,24.31,24.97,24.3,24.82,6646750,24.79,0.51,2.1
JETS,2021-02-22,25.31,26.2098,25.0,25.68,12668915,25.75,0.37,1.46
JETS,2021-02-23,26.2,26.555,25.11,26.42,14645398,26.04,0.22,0.83969
JETS,2021-02-24,26.46,27.325,26.44,27.02,10672941,26.96,0.56,2.12
JETS,2021-02-25,27.23,27.24,25.64,26.07,10025785,26.38,-1.16,-4.26
JETS,2021-02-26,25.88,26.47,25.63,26.11,8704375,26.08,0.23,0.88872
JETS,2021-03-01,26.83,26.93,26.13,26.24,10068029,26.54,-0.59,-2.2
JETS,2021-03-02,26.34,26.4,25.97,26.23,4826800,26.23,-0.11,-0.41762
JETS,2021-03-03,26.5,26.88,26.3411,26.55,6817637,26.62,0.05,0.18868
JETS,2021-03-04,26.61,26.64,25.05,25.8,10482461,25.89,-0.81,-3.04
JETS,2021-03-05,26.02,26.13,24.12,25.71,10674991,25.19,-0.31,-1.19
JETS,2021-03-08,25.77,26.84,25.77,26.64,11793713,26.48,0.87,3.38
JETS,2021-03-09,26.87,26.87,26.14,26.57,6558648,26.53,-0.3,-1.12
JETS,2021-03-10,26.7,26.97,26.3,26.63,5973449,26.64,-0.07,-0.26217
JETS,2021-03-11,26.9,27.25,26.67,26.96,8493569,27.0,0.06,0.22305
JETS,2021-03-12,26.97,27.72,26.9,27.68,7047375,27.46,0.71,2.63
JETS,2021-03-15,28.34,28.88,28.16,28.71,15119931,28.6,0.37,1.31
JETS,2021-03-16,28.75,28.77,27.835,27.96,8657226,28.17,-0.79,-2.75
JETS,2021-03-17,27.84,28.56,27.73,28.56,7709641,28.18,0.72,2.59
JETS,2021-03-18,28.48,28.98,27.965,28.09,8185500,28.54,-0.39,-1.37
JETS,2021-03-19,28.09,28.15,27.34,28.06,5956095,27.85,-0.03,-0.1068
JETS,2021-03-22,27.79,27.82,27.0,27.02,9400027,27.26,-0.77,-2.77
JETS,2021-03-23,26.69,26.939,25.81,25.95,8620143,26.28,-0.74,-2.77
JETS,2021-03-24,26.3,26.64,25.59,25.63,6572196,26.2,-0.67,-2.55
JETS,2021-03-25,25.19,26.38,25.0,26.26,11336885,25.8,1.07,4.25
JETS,2021-03-26,26.76,26.85,26.1501,26.67,7969551,26.52,-0.09,-0.33632
JETS,2021-03-29,26.71,26.78,26.11,26.44,4623015,26.42,-0.27,-1.01
JETS,2021-03-30,26.49,27.21,26.49,27.09,4610931,26.98,0.6,2.27
JETS,2021-03-31,27.09,27.098,26.74,26.91,4836391,26.91,-0.18,-0.66445
JETS,2021-04-01,26.93,27.15,26.82,27.05,3938074,26.99,0.12,0.4456
JETS,2021-04-05,27.52,27.985,27.5,27.61,5343518,27.73,0.09,0.32703
JETS,2021-04-06,27.72,28.05,27.6505,27.84,4419828,27.85,0.12,0.4329
JETS,2021-04-07,27.92,28.025,27.46,27.57,3626428,27.71,-0.35,-1.25
JETS,2021-04-08,27.48,27.52,26.965,27.49,6245407,27.26,0.01,0.0363901
JETS,2021-04-09,27.3,27.39,27.1,27.3,3339044,27.23,0.0,0.0
JETS,2021-04-12,27.052,27.095,26.65,26.78,5308312,26.77,-0.272,-1.01
JETS,2021-04-13,26.51,26.83,25.95,26.81,6168747,26.38,0.3,1.13
JETS,2021-04-14,27.01,27.3599,26.715,26.83,6619503,27.1,-0.18,-0.66642
JETS,2021-04-15,27.02,27.12,26.39,26.58,4207100,26.58,-0.44,-1.63
JETS,2021-04-16,26.65,26.79,26.36,26.44,4174297,26.48,-0.21,-0.78799
JETS,2021-04-19,26.38,26.3814,26.04,26.11,3354280,26.16,-0.27,-1.02
JETS,2021-04-20,25.85,25.93,24.82,25.04,7447297,25.16,-0.81,-3.13
JETS,2021-04-21,24.85,25.66,24.57,25.63,4457185,25.32,0.78,3.14
JETS,2021-04-22,25.97,26.0,25.27,25.33,3644324,25.61,-0.64,-2.46
JETS,2021-04-23,25.43,26.0,25.34,25.95,3170430,25.78,0.52,2.04
JETS,2021-04-26,26.23,26.5,26.15,26.33,4444428,26.27,0.1,0.38124
JETS,2021-04-27,26.3,26.34,26.055,26.2,2485771,26.21,-0.1,-0.38023
JETS,2021-04-28,26.12,26.255,26.0101,26.08,2370031,26.11,-0.04,-0.15314
JETS,2021-04-29,26.29,26.3819,25.88,26.04,2631104,26.09,-0.25,-0.95093
JETS,2021-04-30,25.83,26.34,25.81,26.08,2798700,26.09,0.25,0.96787
JETS,2021-05-03,26.34,26.34,25.97,26.16,4683159,26.15,-0.18,-0.68337
JETS,2021-05-04,25.94,26.09,25.365,25.59,3476152,25.56,-0.35,-1.35
JETS,2021-05-05,25.64,26.015,25.563,25.73,2728956,25.81,0.09,0.35101
JETS,2021-05-06,25.71,25.795,25.305,25.62,3821104,25.49,-0.09,-0.35006
JETS,2021-05-07,25.62,26.24,25.52,26.17,3226420,26.02,0.55,2.15
JETS,2021-05-10,26.25,26.42,25.92,25.93,3759283,26.16,-0.32,-1.22
JETS,2021-05-11,25.24,25.65,25.0,25.53,6540887,25.37,0.29,1.15
JETS,2021-05-12,25.27,25.61,24.7445,24.78,5864705,25.06,-0.49,-1.94
JETS,2021-05-13,25.1,25.4514,24.851,25.29,4432461,25.2,0.19,0.75697
JETS,2021-05-14,25.53,26.3,25.5,26.28,3698151,26.04,0.75,2.94
JETS,2021-05-17,26.2,26.6,25.85,26.55,7085792,26.27,0.35,1.34
JETS,2021-05-18,26.68,27.0,26.47,26.57,4167943,26.75,-0.11,-0.41229
JETS,2021-05-19,26.03,26.4,25.8,26.27,5247840,26.14,0.24,0.92201
JETS,2021-05-20,26.38,26.4,25.77,26.03,4748024,26.0,-0.35,-1.33
JETS,2021-05-21,26.2,26.325,25.94,25.94,2424471,26.17,-0.26,-0.99237
JETS,2021-05-24,26.18,26.36,25.94,26.31,2245696,26.24,0.13,0.49656
JETS,2021-05-25,26.62,26.99,26.18,26.21,6613864,26.62,-0.41,-1.54
JETS,2021-05-26,26.47,26.82,26.37,26.78,4528255,26.65,0.31,1.17
JETS,2021-05-27,27.0,27.12,26.78,27.07,4202552,26.95,0.07,0.25926
JETS,2021-05-28,27.09,27.1,26.74,26.85,2642740,26.89,-0.24,-0.88594
JETS,2021-06-01,27.23,27.4416,27.0301,27.17,5997824,27.21,-0.06,-0.22035
JETS,2021-06-02,27.25,27.39,27.1299,27.26,4568882,27.25,0.01,0.03669725
JETS,2021-06-03,26.83,27.0,26.44,26.45,6069969,26.65,-0.38,-1.42
JETS,2021-06-04,26.64,26.69,26.27,26.39,4157746,26.43,-0.25,-0.93844
JETS,2021-06-07,26.52,26.7,26.36,26.42,2895253,26.47,-0.1,-0.37707
JETS,2021-06-08,26.61,26.785,26.42,26.67,2657269,26.63,0.06,0.22548
JETS,2021-06-09,26.95,26.95,26.5,26.52,2973677,26.64,-0.43,-1.6
JETS,2021-06-10,26.78,26.82,26.15,26.24,4605323,26.39,-0.54,-2.02
JETS,2021-06-11,26.31,26.41,26.2205,26.33,1580132,26.31,0.02,0.07601672
JETS,2021-06-14,26.29,26.37,25.9,25.96,4028975,26.05,-0.33,-1.26
JETS,2021-06-15,25.99,26.06,25.7,25.82,3029207,25.87,-0.17,-0.6541
JETS,2021-06-16,25.82,26.02,25.61,25.76,2588991,25.8,-0.06,-0.23238
JETS,2021-06-17,25.81,26.02,25.145,25.37,4997547,25.61,-0.44,-1.7
JETS,2021-06-18,25.2,25.4099,25.0,25.22,3321441,25.23,0.02,0.07936508
JETS,2021-06-21,25.29,25.67,25.19,25.63,4519974,25.41,0.34,1.34
JETS,2021-06-22,25.6,25.65,25.1,25.39,4064262,25.31,-0.21,-0.82031
JETS,2021-06-23,25.38,25.46,25.33,25.35,1654729,25.39,-0.03,-0.1182
JETS,2021-06-24,25.44,25.47,25.115,25.3,2352190,25.26,-0.14,-0.55031
JETS,2021-06-25,25.35,25.36,25.02,25.05,3014847,25.13,-0.3,-1.18
JETS,2021-06-28,24.92,24.95,24.21,24.31,5678780,24.38,-0.61,-2.45
JETS,2021-06-29,24.29,24.35,24.05,24.07,4063247,24.2,-0.22,-0.90572
JETS,2021-06-30,24.1,24.36,24.02,24.18,3015225,24.22,0.08,0.33195
JETS,2021-07-01,24.41,24.71,24.35,24.62,4814257,24.57,0.21,0.8603
JETS,2021-07-02,24.73,24.73,24.35,24.5,1958630,24.52,-0.23,-0.93004
JETS,2021-07-06,24.54,24.73,23.99,24.1,3182074,24.2,-0.44,-1.79
JETS,2021-07-07,24.01,24.18,23.45,23.67,4673124,23.71,-0.34,-1.42
JETS,2021-07-08,23.13,23.72,22.97,23.43,5560010,23.41,0.3,1.3
JETS,2021-07-09,23.75,24.02,23.645,23.98,3253537,23.94,0.23,0.96842
JETS,2021-07-12,23.85,23.98,23.54,23.89,2492156,23.83,0.04,0.16771
JETS,2021-07-13,23.7,23.73,23.2125,23.26,2741905,23.41,-0.44,-1.86
JETS,2021-07-14,23.59,23.775,23.1201,23.2,4691372,23.4,-0.39,-1.65
JETS,2021-07-15,23.11,23.37,22.76,23.05,3731697,23.06,-0.06,-0.25963
JETS,2021-07-16,23.22,23.29,22.3701,22.42,4028128,22.77,-0.8,-3.45
JETS,2021-07-19,21.572,21.83,21.18,21.57,17327289,21.5,-0.002,-0.00927128
JETS,2021-07-20,21.74,22.77,21.565,22.66,9700637,22.27,0.92,4.23
JETS,2021-07-21,22.93,23.47,22.86,23.36,5187106,23.23,0.43,1.88
JETS,2021-07-22,23.21,23.34,22.875,23.09,4712657,23.1,-0.12,-0.51702
JETS,2021-07-23,23.19,23.335,22.895,23.01,4164987,23.06,-0.18,-0.7762
JETS,2021-07-26,22.95,23.61,22.95,23.6,4440494,23.34,0.65,2.83
JETS,2021-07-27,23.49,23.57,23.05,23.3,4168833,23.28,-0.19,-0.80885
JETS,2021-07-28,23.55,23.68,23.1919,23.58,3717836,23.53,0.03,0.12739
JETS,2021-07-29,23.75,23.81,23.49,23.52,3468219,23.64,-0.23,-0.96842
JETS,2021-07-30,23.2,23.44,22.8,22.89,5274691,23.02,-0.31,-1.34
JETS,2021-08-02,22.94,23.44,22.66,22.69,4717224,23.0,-0.25,-1.09
JETS,2021-08-03,22.71,22.73,22.21,22.73,4303852,22.51,0.02,0.08806693
JETS,2021-08-04,22.51,22.66,22.14,22.24,6988907,22.37,-0.27,-1.2
JETS,2021-08-05,22.31,23.14,22.26,23.05,6227192,22.87,0.74,3.32
JETS,2021-08-06,23.3,23.39,22.84,23.12,6571087,23.07,-0.18,-0.77253
JETS,2021-08-09,23.03,23.04,22.475,22.75,5296636,22.73,-0.28,-1.22
JETS,2021-08-10,22.78,23.3555,22.725,23.17,3961877,23.12,0.39,1.71
JETS,2021-08-11,23.01,23.5,22.8531,23.5,5146012,23.27,0.49,2.13
JETS,2021-08-12,23.41,23.46,22.915,23.1,3516808,23.1,-0.31,-1.32
JETS,2021-08-13,23.06,23.1,22.75,22.81,3103360,22.88,-0.25,-1.08
JETS,2021-08-16,22.53,22.7469,22.315,22.64,4278849,22.58,0.11,0.48824
JETS,2021-08-17,22.34,22.34,21.85,22.13,5818065,22.1,-0.21,-0.94002
JETS,2021-08-18,22.07,22.405,21.93,21.99,3661978,22.21,-0.08,-0.36248
JETS,2021-08-19,21.88,21.89,21.325,21.57,6296510,21.56,-0.31,-1.42
JETS,2021-08-20,21.57,21.69,21.43,21.65,4709834,21.59,0.08,0.37089
JETS,2021-08-23,21.9,22.39,21.9,22.34,12972094,22.24,0.44,2.01
JETS,2021-08-24,22.62,23.085,22.57,23.03,7344028,22.95,0.41,1.81
JETS,2021-08-25,23.0,23.3457,22.8501,23.21,4472135,23.2,0.21,0.91304
JETS,2021-08-26,23.15,23.345,22.805,22.97,8729031,23.06,-0.18,-0.77754
JETS,2021-08-27,23.06,23.425,23.02,23.33,3547531,23.28,0.27,1.17
JETS,2021-08-30,23.46,23.46,22.76,22.76,4867317,22.9,-0.7,-2.98
JETS,2021-08-31,22.69,23.13,22.69,22.98,4124067,22.98,0.29,1.28
JETS,2021-09-01,23.09,23.24,22.91,22.95,3978569,23.06,-0.14,-0.60632
JETS,2021-09-02,23.01,23.32,22.84,23.09,3991639,23.16,0.08,0.34767
JETS,2021-09-03,23.01,23.205,22.77,22.82,3750821,22.95,-0.19,-0.82573
JETS,2021-09-07,22.76,22.965,22.66,22.89,3264532,22.85,0.13,0.57118
JETS,2021-09-08,22.89,23.11,22.52,22.54,4302295,22.67,-0.35,-1.53
JETS,2021-09-09,22.5,23.34,22.46,22.97,7988073,23.03,0.47,2.09
JETS,2021-09-10,23.1,23.1,22.1801,22.22,6788623,22.5,-0.88,-3.81
JETS,2021-09-13,22.41,22.7,22.09,22.62,4593467,22.47,0.21,0.93708
JETS,2021-09-14,22.69,22.725,22.24,22.34,3618134,22.4,-0.35,-1.54
JETS,2021-09-15,22.29,22.48,22.07,22.46,5431528,22.29,0.17,0.76267
JETS,2021-09-16,22.5,22.91,22.48,22.69,4245176,22.7,0.19,0.84444
JETS,2021-09-17,22.79,23.075,22.57,22.75,5818601,22.79,-0.04,-0.17552
JETS,2021-09-20,22.64,22.92,22.34,22.89,9170547,22.64,0.25,1.1
JETS,2021-09-21,23.13,23.28,22.545,22.67,5919800,22.8,-0.46,-1.99
JETS,2021-09-22,22.79,23.495,22.79,23.28,9495764,23.24,0.49,2.15
JETS,2021-09-23,23.46,24.05,23.45,23.92,10329832,23.87,0.46,1.96
JETS,2021-09-24,23.8,24.39,23.8,24.29,11614351,24.25,0.49,2.06
JETS,2021-09-27,24.5,24.98,24.47,24.47,8107638,24.74,-0.03,-0.12245
JETS,2021-09-28,24.38,24.635,24.09,24.16,7022980,24.29,-0.22,-0.90238
JETS,2021-09-29,24.31,24.38,23.92,24.04,3219061,24.16,-0.27,-1.11
JETS,2021-09-30,23.98,23.99,23.55,23.63,7463205,23.72,-0.35,-1.46
JETS,2021-10-01,24.19,24.97,24.16,24.89,15920780,24.58,0.7,2.89
JETS,2021-10-04,24.99,25.195,24.6,24.74,10850387,24.83,-0.25,-1.0
JETS,2021-10-05,24.8,24.98,24.46,24.57,10303625,24.69,-0.23,-0.92742
JETS,2021-10-06,24.1,24.255,23.72,24.22,8902464,23.99,0.12,0.49793
JETS,2021-10-07,24.43,24.46,23.94,24.0,5365378,24.16,-0.43,-1.76
JETS,2021-10-08,24.07,24.17,23.81,23.98,5009847,23.97,-0.09,-0.37391
JETS,2021-10-11,23.85,24.25,23.74,23.8,7532499,23.96,-0.05,-0.20964
JETS,2021-10-12,23.94,24.065,23.7,24.0,4213649,23.94,0.06,0.25063
JETS,2021-10-13,23.92,23.92,23.29,23.41,7568757,23.45,-0.51,-2.13
JETS,2021-10-14,23.61,23.72,23.51,23.58,4425606,23.62,-0.03,-0.12706
JETS,2021-10-15,23.97,24.06,23.58,23.58,5012575,23.79,-0.39,-1.63
JETS,2021-10-18,23.46,23.59,23.31,23.34,4312784,23.44,-0.12,-0.51151
JETS,2021-10-19,23.41,23.41,23.05,23.09,4946303,23.17,-0.32,-1.37
JETS,2021-10-20,23.15,23.215,22.77,22.94,9059278,22.99,-0.21,-0.90713
JETS,2021-10-21,22.93,23.105,22.81,22.92,3970549,22.94,-0.01,-0.04361099
JETS,2021-10-22,22.84,22.87,22.51,22.6,4368875,22.67,-0.24,-1.05
JETS,2021-10-25,22.62,22.695,22.41,22.58,4558564,22.53,-0.04,-0.17683
JETS,2021-10-26,22.74,22.865,22.46,22.58,4957884,22.67,-0.16,-0.70361
JETS,2021-10-27,22.66,22.67,22.17,22.19,4754636,22.36,-0.47,-2.07
JETS,2021-10-28,22.29,22.418,22.14,22.36,4544483,22.29,0.07,0.31404
JETS,2021-10-29,22.34,22.44,22.09,22.22,3661253,22.21,-0.12,-0.53715
JETS,2021-11-01,22.21,22.87,22.15,22.85,5596146,22.64,0.64,2.88
JETS,2021-11-02,22.88,22.89,22.606,22.73,3963782,22.72,-0.15,-0.65559
JETS,2021-11-03,22.7,23.31,22.59,23.29,7601197,23.13,0.59,2.6
JETS,2021-11-04,23.44,23.44,23.035,23.15,5968253,23.2,-0.29,-1.24
JETS,2021-11-05,24.33,24.64,24.151,24.63,19767985,24.45,0.3,1.23
JETS,2021-11-08,24.95,25.06,24.7,24.79,24483228,24.9,-0.16,-0.64128
JETS,2021-11-09,24.7,24.73,24.2617,24.67,9736329,24.52,-0.03,-0.12146
JETS,2021-11-10,24.32,24.55,23.965,24.04,6529505,24.25,-0.28,-1.15
JETS,2021-11-11,24.04,24.21,23.86,23.87,4550920,24.02,-0.17,-0.70715
JETS,2021-11-12,23.9,23.93,23.23,23.41,6570086,23.5,-0.49,-2.05
JETS,2021-11-15,23.6,23.73,23.45,23.56,4936336,23.56,-0.04,-0.16949
JETS,2021-11-16,23.5,23.51,22.89,22.99,8456406,23.08,-0.51,-2.17
JETS,2021-11-17,22.92,23.05,22.62,22.84,5049599,22.82,-0.08,-0.34904
JETS,2021-11-18,22.91,22.91,22.26,22.47,6331243,22.46,-0.44,-1.92
JETS,2021-11-19,22.25,22.25,21.7924,22.08,12267070,22.02,-0.17,-0.76404
JETS,2021-11-22,22.24,22.41,21.97,22.2,9397307,22.2,-0.04,-0.17986
JETS,2021-11-23,22.33,22.5,21.98,22.1,5506116,22.17,-0.23,-1.03
JETS,2021-11-24,21.92,22.205,21.77,22.12,4740533,22.05,0.2,0.91241
JETS,2021-11-26,20.8,20.8,19.9,20.53,20924969,20.24,-0.27,-1.3
JETS,2021-11-29,21.01,21.05,20.36,20.55,12235471,20.6,-0.46,-2.19
JETS,2021-11-30,20.24,20.425,19.78,20.29,16581317,20.09,0.05,0.24704
JETS,2021-12-01,20.68,20.868,19.35,19.38,24842156,20.02,-1.3,-6.29
JETS,2021-12-02,19.74,20.62,19.51,20.57,16241517,20.25,0.83,4.2
JETS,2021-12-03,20.55,20.5998,19.79,20.12,22582366,20.13,-0.43,-2.09
JETS,2021-12-06,20.5,21.715,20.46,21.19,33592819,21.34,0.69,3.37
JETS,2021-12-07,21.7,21.73,21.035,21.2,22031618,21.38,-0.5,-2.3
JETS,2021-12-08,21.42,22.11,21.285,21.6,29137260,21.76,0.18,0.84034
JETS,2021-12-09,21.35,21.51,21.21,21.34,10485745,21.35,-0.01,-0.04683841
JETS,2021-12-10,21.27,21.365,20.88,21.12,10210283,21.07,-0.15,-0.70522
JETS,2021-12-13,20.8303,20.86,20.215,20.35,15868905,20.4,-0.4803,-2.31
JETS,2021-12-14,20.15,20.69,20.12,20.19,14166592,20.4,0.04,0.19851
JETS,2021-12-15,20.22,20.255,19.605,20.2,15290566,19.88,-0.02,-0.09891197
JETS,2021-12-16,20.4,20.53,19.68,19.73,11516803,19.96,-0.67,-3.28
JETS,2021-12-17,19.77,20.365,19.565,20.03,13991237,20.02,0.26,1.32
JETS,2021-12-20,19.52,20.135,19.28,19.99,19545085,19.81,0.47,2.41
JETS,2021-12-21,20.21,21.175,20.18,21.04,18444296,20.92,0.83,4.11
JETS,2021-12-22,21.01,21.38,20.89,21.19,12856387,21.22,0.18,0.85673
JETS,2021-12-23,21.34,21.45,21.13,21.38,9722237,21.33,0.04,0.18744
JETS,2021-12-27,21.0,21.42,20.925,21.34,10895567,21.2,0.34,1.62
JETS,2021-12-28,21.25,21.6,21.1,21.46,6223221,21.45,0.21,0.98824
JETS,2021-12-29,21.32,21.35,21.09,21.14,5803480,21.22,-0.18,-0.84428
JETS,2021-12-30,21.02,21.43,21.02,21.13,5101341,21.25,0.11,0.52331
JETS,2021-12-31,21.12,21.325,21.05,21.09,4180619,21.14,-0.03,-0.14205
JETS,2022-01-03,21.35,22.0374,21.3,21.77,10987223,21.76,0.42,1.97
JETS,2022-01-04,22.17,22.32,21.9,22.09,12405058,22.08,-0.08,-0.36085
JETS,2022-01-05,22.1,22.31,21.665,21.71,13621409,21.99,-0.39,-1.76
JETS,2022-01-06,21.8,22.09,21.45,21.71,4805494,21.77,-0.09,-0.41284
JETS,2022-01-07,21.73,22.385,21.73,22.21,6532448,22.16,0.48,2.21
JETS,2022-01-10,22.12,22.35,21.66,21.91,8232699,21.87,-0.21,-0.94937
JETS,2022-01-11,21.92,22.38,21.84,22.26,6861540,22.19,0.34,1.55
JETS,2022-01-12,22.34,22.41,21.97,22.06,7861607,22.1,-0.28,-1.25
JETS,2022-01-13,22.25,22.94,22.14,22.55,14405529,22.67,0.3,1.35
JETS,2022-01-14,22.34,22.4,21.94,22.24,9621850,22.18,-0.1,-0.44763
JETS,2022-01-18,22.02,22.28,21.73,21.83,7153017,21.95,-0.19,-0.86285
JETS,2022-01-19,21.99,21.99,21.48,21.49,12217763,21.68,-0.5,-2.27
JETS,2022-01-20,21.56,22.05,21.345,21.38,17252382,21.75,-0.18,-0.83488
JETS,2022-01-21,21.33,21.385,20.78,20.86,20626102,21.0,-0.47,-2.2
JETS,2022-01-24,20.31,20.745,19.64,20.74,12137535,20.15,0.43,2.12
JETS,2022-01-25,20.4,20.965,20.205,20.82,12408139,20.66,0.42,2.06
JETS,2022-01-26,21.13,21.37,20.47,20.68,10974847,21.01,-0.45,-2.13
JETS,2022-01-27,20.81,21.28,20.26,20.38,13168966,20.75,-0.43,-2.07
JETS,2022-01-28,20.31,20.435,19.57,20.42,14478359,19.96,0.11,0.54161
JETS,2022-01-31,20.38,21.2499,20.21,21.22,7891666,20.95,0.84,4.12
JETS,2022-02-01,21.35,21.68,21.19,21.65,7759358,21.55,0.3,1.41
JETS,2022-02-02,21.69,21.7616,21.205,21.54,5697789,21.52,-0.15,-0.69156
JETS,2022-02-03,21.29,21.58,21.07,21.11,5685464,21.3,-0.18,-0.84547
JETS,2022-02-04,20.99,21.1,20.655,21.01,5701521,20.87,0.02,0.09528347
JETS,2022-02-07,21.34,21.855,21.32,21.6,12106113,21.63,0.26,1.22
JETS,2022-02-08,21.8,22.5,21.735,22.49,11955074,22.26,0.69,3.17
JETS,2022-02-09,22.7,23.3255,22.69,23.1,15802799,23.08,0.4,1.76
JETS,2022-02-10,22.75,23.5,22.695,23.09,9166853,23.18,0.34,1.49
JETS,2022-02-11,23.1,23.39,21.93,22.17,24521664,22.45,-0.93,-4.03
JETS,2022-02-14,22.26,22.8,22.0,22.15,12318529,22.36,-0.11,-0.49416
JETS,2022-02-15,22.77,23.5,22.75,23.42,14042489,23.29,0.65,2.85
JETS,2022-02-16,23.23,23.71,23.21,23.43,8668099,23.45,0.2,0.86096
JETS,2022-02-17,23.2,23.245,22.65,22.83,7565162,22.94,-0.37,-1.59
JETS,2022-02-18,22.8,23.07,22.495,22.56,7357226,22.63,-0.24,-1.05
JETS,2022-02-22,22.22,22.61,21.92,22.11,7758090,22.23,-0.11,-0.49505
JETS,2022-02-23,22.31,22.39,21.36,21.4,8938751,21.7,-0.91,-4.08
JETS,2022-02-24,20.08,21.52,19.95,21.46,20640597,20.71,1.38,6.87
JETS,2022-02-25,21.78,22.2,21.56,21.96,13634502,21.89,0.18,0.82645
JETS,2022-02-28,21.4,21.7155,21.05,21.48,14140550,21.33,0.08,0.37383
JETS,2022-03-01,21.16,21.24,20.14,20.39,13491790,20.47,-0.77,-3.64
JETS,2022-03-02,20.69,21.01,20.57,20.73,11118948,20.84,0.04,0.19333
JETS,2022-03-03,20.95,21.0,19.89,20.02,17956564,20.19,-0.93,-4.44
JETS,2022-03-04,19.69,19.7,18.8,19.03,14548816,19.06,-0.66,-3.35
JETS,2022-03-07,18.85,18.95,16.8801,16.91,29086745,17.6,-1.94,-10.29
JETS,2022-03-08,17.25,18.45,16.91,17.71,21700469,17.79,0.46,2.67
JETS,2022-03-09,18.67,19.02,18.48,18.68,17499913,18.75,0.01,0.05356186
JETS,2022-03-10,18.23,18.822,17.97,18.53,12742973,18.44,0.3,1.65
JETS,2022-03-11,18.85,18.99,18.17,18.2,19509061,18.39,-0.65,-3.45
JETS,2022-03-14,18.4,18.82,18.02,18.31,16943479,18.33,-0.09,-0.48913
JETS,2022-03-15,18.97,19.5,18.935,19.38,10596257,19.23,0.41,2.16
JETS,2022-03-16,19.73,20.385,19.7,20.35,12815128,20.13,0.62,3.14
JETS,2022-03-17,19.96,20.32,19.74,20.31,8082478,20.08,0.35,1.75
JETS,2022-03-18,20.11,20.69,19.99,20.61,6278261,20.56,0.5,2.49
JETS,2022-03-21,20.36,20.39,19.945,20.1,7381811,20.1,-0.26,-1.28
JETS,2022-03-22,20.29,20.71,20.24,20.55,8786579,20.51,0.26,1.28
JETS,2022-03-23,20.38,20.47,20.21,20.26,5650152,20.32,-0.12,-0.58881
JETS,2022-03-24,20.4,20.69,20.16,20.69,4200344,20.5,0.29,1.42
JETS,2022-03-25,20.74,21.0899,20.66,20.84,4842109,20.86,0.1,0.48216
JETS,2022-03-28,21.0,21.11,20.615,21.02,10022650,20.85,0.02,0.0952381
JETS,2022-03-29,21.69,22.06,21.605,21.75,8947815,21.83,0.06,0.27663
JETS,2022-03-30,21.57,21.825,21.47,21.69,3681025,21.69,0.12,0.55633
JETS,2022-03-31,21.78,21.9806,21.64,21.76,4167795,21.82,-0.02,-0.09182736
JETS,2022-04-01,21.93,21.94,21.575,21.73,4306515,21.72,-0.2,-0.91199
JETS,2022-04-04,21.65,21.825,21.33,21.72,3600670,21.6,0.07,0.32333
JETS,2022-04-05,21.75,21.87,21.09,21.48,8058366,21.34,-0.27,-1.24
JETS,2022-04-06,20.99,21.0,20.32,20.76,7988884,20.76,-0.23,-1.1
JETS,2022-04-07,20.69,20.71,20.01,20.47,6979254,20.33,-0.22,-1.06
JETS,2022-04-08,20.45,20.495,20.11,20.14,3275650,20.29,-0.31,-1.52
JETS,2022-04-11,20.0,20.75,20.0,20.39,4952527,20.49,0.39,1.95
JETS,2022-04-12,20.59,20.795,20.35,20.56,5777225,20.54,-0.03,-0.1457
JETS,2022-04-13,21.05,21.67,21.04,21.65,10608134,21.47,0.6,2.85
JETS,2022-04-14,21.78,22.195,21.695,21.76,7429980,21.88,-0.02,-0.09182736
JETS,2022-04-18,21.71,21.8,21.41,21.51,4446085,21.59,-0.2,-0.92123
JETS,2022-04-19,21.68,22.2175,21.65,22.11,6607740,22.07,0.43,1.98
JETS,2022-04-20,22.29,22.47,22.05,22.18,7508828,22.3,-0.11,-0.49349
JETS,2022-04-21,23.17,23.49,22.7101,22.8,17200752,23.15,-0.37,-1.6
JETS,2022-04-22,22.82,23.03,22.295,22.35,7282501,22.59,-0.47,-2.06
JETS,2022-04-25,22.15,22.3,21.74,22.25,6942852,22.1,0.1,0.45147
JETS,2022-04-26,22.03,22.08,21.262,21.32,6613391,21.54,-0.71,-3.22
JETS,2022-04-27,21.32,21.7,21.03,21.52,7339929,21.4,0.2,0.93809
JETS,2022-04-28,21.83,22.02,21.305,21.96,6439044,21.7,0.13,0.59551
JETS,2022-04-29,21.84,22.2,21.4,21.46,5545780,21.82,-0.38,-1.74
JETS,2022-05-02,21.42,21.55,20.785,21.31,6420992,21.15,-0.11,-0.51354
JETS,2022-05-03,21.39,21.66,21.09,21.46,5775657,21.41,0.07,0.32726
JETS,2022-05-04,21.36,21.79,20.99,21.73,7114539,21.36,0.37,1.73
JETS,2022-05-05,21.49,21.665,20.8,20.97,7139706,21.12,-0.52,-2.42
JETS,2022-05-06,20.76,20.86,20.15,20.41,8396713,20.47,-0.35,-1.69
JETS,2022-05-09,20.0,20.15,18.98,19.11,8542490,19.51,-0.89,-4.45
JETS,2022-05-10,19.49,19.58,18.92,19.28,8384927,19.26,-0.21,-1.08
JETS,2022-05-11,19.26,19.815,18.775,18.82,8575085,19.2,-0.44,-2.28
JETS,2022-05-12,18.6,18.9488,18.02,18.42,8838587,18.41,-0.18,-0.96774
JETS,2022-05-13,18.81,19.2419,18.78,19.14,4740472,19.05,0.33,1.75
JETS,2022-05-16,19.1,19.4625,19.05,19.11,4656698,19.23,0.01,0.05235602
JETS,2022-05-17,19.7,20.22,19.605,20.2,6079283,19.97,0.5,2.54
JETS,2022-05-18,19.94,20.245,19.42,19.51,6139762,19.7,-0.43,-2.16
JETS,2022-05-19,19.31,19.87,19.3,19.52,5693995,19.62,0.21,1.09
JETS,2022-05-20,19.78,19.895,18.825,19.25,6107742,19.23,-0.53,-2.68
JETS,2022-05-23,19.47,19.65,19.14,19.55,3848184,19.5,0.08,0.41089
JETS,2022-05-24,19.3,19.3,18.455,18.65,6027420,18.67,-0.65,-3.37
JETS,2022-05-25,18.58,19.15,18.48,19.07,8088090,18.92,0.49,2.64
JETS,2022-05-26,19.32,20.2,19.32,20.05,7472716,19.95,0.73,3.78
JETS,2022-05-27,20.25,20.65,20.19,20.6,5091512,20.5,0.35,1.73
JETS,2022-05-31,20.28,20.725,20.09,20.48,5939715,20.47,0.2,0.98619
JETS,2022-06-01,20.66,20.75,19.605,19.85,5479220,19.96,-0.81,-3.92
JETS,2022-06-02,19.85,20.1805,19.81,20.16,3309010,20.04,0.31,1.56
JETS,2022-06-03,19.81,19.84,19.37,19.62,3838767,19.6,-0.19,-0.95911
JETS,2022-06-06,19.9,20.01,19.605,19.84,3713612,19.86,-0.06,-0.30151
JETS,2022-06-07,19.64,20.13,19.55,20.1,3057963,19.92,0.46,2.34
JETS,2022-06-08,19.87,20.06,19.545,19.58,3603436,19.72,-0.29,-1.46
JETS,2022-06-09,19.43,19.505,18.89,18.91,5855830,19.16,-0.52,-2.68
JETS,2022-06-10,18.6,18.98,18.16,18.21,10616547,18.38,-0.39,-2.1
JETS,2022-06-13,17.69,17.69,16.86,16.96,8782560,17.12,-0.73,-4.13
JETS,2022-06-14,17.1,17.155,16.54,16.79,5441213,16.73,-0.31,-1.81
JETS,2022-06-15,17.08,17.32,16.805,17.05,6641034,17.12,-0.03,-0.17564
JETS,2022-06-16,16.56,16.61,15.9366,16.05,7540892,16.15,-0.51,-3.08
JETS,2022-06-17,16.15,16.72,15.89,16.59,6340084,16.39,0.44,2.72
JETS,2022-06-21,16.94,17.02,16.57,16.72,7155282,16.82,-0.22,-1.3
JETS,2022-06-22,16.58,16.97,16.49,16.8,5181059,16.79,0.22,1.33
JETS,2022-06-23,16.87,16.9,16.31,16.66,7098306,16.55,-0.21,-1.24
JETS,2022-06-24,16.7,17.45,16.63,17.42,5734100,17.2,0.72,4.31
JETS,2022-06-27,17.49,17.49,17.01,17.06,4037036,17.13,-0.43,-2.46
JETS,2022-06-28,17.32,17.81,16.93,16.93,5990980,17.29,-0.39,-2.25
JETS,2022-06-29,16.85,16.86,16.4477,16.68,5318952,16.6,-0.17,-1.01
JETS,2022-06-30,16.33,16.59,16.0199,16.5,5051377,16.33,0.17,1.04
JETS,2022-07-01,16.47,16.84,16.32,16.83,4801878,16.62,0.36,2.19
JETS,2022-07-05,16.44,16.88,16.105,16.87,8605360,16.6,0.43,2.62
JETS,2022-07-06,16.78,16.9279,16.435,16.62,6717335,16.62,-0.16,-0.95352
JETS,2022-07-07,16.78,16.96,16.655,16.83,3599548,16.83,0.05,0.29797
JETS,2022-07-08,16.83,17.025,16.6464,16.83,3234360,16.87,0.0,0.0
JETS,2022-07-11,16.66,16.725,16.3701,16.44,3844791,16.46,-0.22,-1.32
JETS,2022-07-12,16.5,17.34,16.47,17.08,7467837,17.08,0.58,3.52
JETS,2022-07-13,16.67,16.9806,16.49,16.94,5917476,16.8,0.27,1.62
JETS,2022-07-14,16.7,17.05,16.62,16.82,3766048,16.81,0.12,0.71856
JETS,2022-07-15,17.03,17.155,16.78,17.07,8217652,17.07,0.04,0.23488
JETS,2022-07-18,17.4,17.665,17.16,17.2,4709052,17.4,-0.2,-1.15
JETS,2022-07-19,17.52,17.95,17.515,17.91,5262084,17.82,0.39,2.23
JETS,2022-07-20,17.91,18.14,17.74,18.0,4624445,18.0,0.09,0.50251
JETS,2022-07-21,17.65,17.655,17.29,17.51,5392777,17.43,-0.14,-0.7932
JETS,2022-07-22,17.55,17.68,17.145,17.23,3851756,17.34,-0.32,-1.82
JETS,2022-07-25,17.23,17.35,16.99,17.31,4040794,17.23,0.08,0.46431
JETS,2022-07-26,17.16,17.205,16.93,16.96,3692412,17.05,-0.2,-1.17
JETS,2022-07-27,17.3,17.5668,17.0599,17.48,4232731,17.29,0.18,1.04
JETS,2022-07-28,17.31,17.58,17.0,17.56,5265126,17.29,0.25,1.44
JETS,2022-07-29,17.49,17.775,17.44,17.7,4723677,17.68,0.21,1.2
JETS,2022-08-01,17.68,17.95,17.49,17.89,3970364,17.78,0.21,1.19
JETS,2022-08-02,17.7,18.0,17.6,17.71,3614091,17.79,0.01,0.05649718
JETS,2022-08-03,17.86,18.29,17.83,18.24,4665456,18.09,0.38,2.13
JETS,2022-08-04,18.27,18.41,18.142,18.33,3266723,18.3,0.06,0.32841
JETS,2022-08-05,18.16,18.435,18.09,18.26,8211240,18.27,0.1,0.55066
JETS,2022-08-08,18.39,18.7,18.37,18.47,8162385,18.52,0.08,0.43502
JETS,2022-08-09,18.38,18.41,18.03,18.15,3981138,18.13,-0.23,-1.25
JETS,2022-08-10,18.53,18.78,18.51,18.58,3803579,18.66,0.05,0.26983
JETS,2022-08-11,18.9,18.99,18.56,18.61,4563128,18.74,-0.29,-1.53
JETS,2022-08-12,18.76,18.925,18.63,18.9,4740676,18.81,0.14,0.74627
JETS,2022-08-15,18.88,19.265,18.875,19.08,4043804,19.11,0.2,1.06
JETS,2022-08-16,19.07,19.36,18.97,19.25,5565469,19.2,0.18,0.94389
JETS,2022-08-17,19.0,19.0,18.615,18.77,5259998,18.81,-0.23,-1.21
JETS,2022-08-18,18.78,18.78,18.5491,18.72,3413977,18.68,-0.06,-0.31949
JETS,2022-08-19,18.47,18.475,18.04,18.1,4764787,18.13,-0.37,-2.0
JETS,2022-08-22,17.7,17.75,17.49,17.61,6212179,17.59,-0.09,-0.50847
JETS,2022-08-23,17.63,17.88,17.63,17.74,4310150,17.73,0.11,0.62394
JETS,2022-08-24,17.72,18.05,17.72,17.92,4259820,17.91,0.2,1.13
JETS,2022-08-25,18.1,18.35,18.03,18.32,4710692,18.22,0.22,1.22
JETS,2022-08-26,18.36,18.41,17.67,17.72,5270662,17.87,-0.64,-3.49
JETS,2022-08-29,17.49,17.675,17.44,17.52,5641535,17.55,0.03,0.17153
JETS,2022-08-30,17.65,17.775,17.33,17.45,4972775,17.44,-0.2,-1.13
JETS,2022-08-31,17.57,17.62,17.17,17.17,5404718,17.35,-0.4,-2.28
JETS,2022-09-01,17.03,17.08,16.655,17.06,7418823,16.81,0.03,0.17616
JETS,2022-09-02,17.26,17.4,16.93,17.02,5639911,17.15,-0.24,-1.39
JETS,2022-09-06,17.09,17.26,16.85,17.11,7360126,17.05,0.02,0.11703
JETS,2022-09-07,17.15,17.75,17.12,17.71,5105799,17.48,0.56,3.27
JETS,2022-09-08,17.49,17.7504,17.3699,17.61,4697644,17.58,0.12,0.68611
JETS,2022-09-09,17.74,17.95,17.7396,17.91,3921572,17.87,0.17,0.95829
JETS,2022-09-12,18.02,18.33,18.02,18.13,3525921,18.15,0.11,0.61043
JETS,2022-09-13,17.59,17.76,17.325,17.41,3941482,17.52,-0.18,-1.02
JETS,2022-09-14,17.41,17.7,17.03,17.7,4265367,17.45,0.29,1.67
JETS,2022-09-15,17.58,17.995,17.58,17.71,4028542,17.8,0.13,0.73948
JETS,2022-09-16,17.28,17.35,16.92,17.01,9084344,17.09,-0.27,-1.56
JETS,2022-09-19,16.85,17.435,16.83,17.4,5018504,17.32,0.55,3.26
JETS,2022-09-20,17.27,17.41,16.99,17.2,4479667,17.2,-0.07,-0.40533
JETS,2022-09-21,17.06,17.11,16.5,16.51,26385692,16.74,-0.55,-3.22
JETS,2022-09-22,16.55,16.55,15.89,16.02,12519059,16.06,-0.53,-3.2
JETS,2022-09-23,15.82,15.82,15.2,15.46,17179367,15.37,-0.36,-2.28
JETS,2022-09-26,15.37,15.5999,15.07,15.07,16961627,15.24,-0.3,-1.95
JETS,2022-09-27,15.44,15.5609,15.075,15.31,15182353,15.28,-0.13,-0.84197
JETS,2022-09-28,15.26,15.79,15.16,15.72,8001990,15.57,0.46,3.01
JETS,2022-09-29,15.48,15.49,15.05,15.21,12926812,15.17,-0.27,-1.74
JETS,2022-09-30,15.13,15.3401,15.0,15.01,6938518,15.18,-0.12,-0.79313
JETS,2022-10-03,15.07,15.36,14.7737,15.24,6541784,15.21,0.17,1.13
JETS,2022-10-04,15.62,16.32,15.62,16.32,6661091,16.17,0.7,4.48
JETS,2022-10-05,16.0,16.275,15.865,16.18,5860735,16.06,0.18,1.12
JETS,2022-10-06,16.15,16.29,15.845,16.04,5344592,16.03,-0.11,-0.68111
JETS,2022-10-07,15.85,15.87,15.405,15.57,8705012,15.55,-0.28,-1.77
JETS,2022-10-10,15.61,15.705,15.3373,15.47,4438732,15.52,-0.14,-0.89686
JETS,2022-10-11,15.9,16.01,15.16,15.37,7856848,15.44,-0.53,-3.33
JETS,2022-10-12,15.3,15.64,15.08,15.56,6242093,15.49,0.26,1.7
JETS,2022-10-13,15.32,16.095,15.12,15.91,9732970,15.77,0.59,3.85
JETS,2022-10-14,16.25,16.38,15.82,15.88,6975218,16.02,-0.37,-2.28
JETS,2022-10-17,16.31,16.405,16.015,16.2,5858304,16.19,-0.11,-0.67443
JETS,2022-10-18,16.6,16.715,16.3244,16.61,5783049,16.53,0.01,0.06024096
JETS,2022-10-19,16.86,16.9096,16.525,16.61,6297681,16.69,-0.25,-1.48
JETS,2022-10-20,16.6,16.795,16.445,16.48,3756073,16.62,-0.12,-0.72289
JETS,2022-10-21,16.42,16.82,16.28,16.73,4005954,16.67,0.31,1.89
JETS,2022-10-24,16.83,17.0,16.6096,16.95,3670966,16.85,0.12,0.71301
JETS,2022-10-25,16.9,17.37,16.83,17.33,3726655,17.2,0.43,2.54
JETS,2022-10-26,17.24,17.6681,17.23,17.27,3502827,17.41,0.03,0.17401
JETS,2022-10-27,17.5,17.76,17.46,17.49,3321187,17.59,-0.01,-0.05714286
JETS,2022-10-28,17.51,17.73,17.2594,17.67,3267198,17.54,0.16,0.91376
JETS,2022-10-31,17.605,17.85,17.53,17.74,3352926,17.73,0.135,0.76683
JETS,2022-11-01,17.94,18.05,17.775,17.83,3849442,17.89,-0.11,-0.61315
JETS,2022-11-02,17.7,17.94,17.3,17.32,5055554,17.63,-0.38,-2.15
JETS,2022-11-03,17.18,17.49,16.91,17.3,6113988,17.26,0.12,0.69849
JETS,2022-11-04,17.74,17.96,17.515,17.73,5428336,17.75,-0.01,-0.05636979
JETS,2022-11-07,17.9,18.01,17.58,17.89,3470485,17.75,-0.01,-0.05586592
JETS,2022-11-08,17.82,18.04,17.655,17.84,3155031,17.88,0.02,0.11223
JETS,2022-11-09,17.73,17.9,17.6,17.67,2754898,17.72,-0.06,-0.33841
JETS,2022-11-10,18.26,18.6201,18.16,18.53,5294934,18.47,0.27,1.48
JETS,2022-11-11,18.63,18.85,18.54,18.72,4507204,18.73,0.09,0.48309
JETS,2022-11-14,18.62,18.7882,18.47,18.47,2642103,18.65,-0.15,-0.80559
JETS,2022-11-15,18.85,19.0255,18.5,18.65,5463850,18.79,-0.2,-1.06
JETS,2022-11-16,18.49,18.49,18.15,18.2,6873883,18.24,-0.29,-1.57
JETS,2022-11-17,17.94,18.135,17.855,18.12,3084309,18.01,0.18,1.0
JETS,2022-11-18,18.43,18.56,18.07,18.18,2576438,18.3,-0.25,-1.36
JETS,2022-11-21,18.1,18.26,17.99,18.05,3688220,18.06,-0.05,-0.27624
JETS,2022-11-22,18.1,18.19,17.85,18.09,2206189,18.06,-0.01,-0.05524862
JETS,2022-11-23,18.09,18.435,18.075,18.38,2301322,18.32,0.29,1.6
JETS,2022-11-25,18.36,18.665,18.32,18.61,866013,18.55,0.25,1.36
JETS,2022-11-28,18.39,18.5,18.08,18.08,2348973,18.25,-0.31,-1.69
JETS,2022-11-29,18.16,18.43,18.16,18.4,2450456,18.33,0.24,1.32
JETS,2022-11-30,18.4,18.77,18.26,18.74,2858433,18.56,0.34,1.85
JETS,2022-12-01,18.8,18.8997,18.62,18.66,2311947,18.72,-0.14,-0.74468
JETS,2022-12-02,18.5,18.745,18.44,18.74,1816403,18.6,0.24,1.3
JETS,2022-12-05,18.69,18.97,18.59,18.7,3194985,18.73,0.01,0.05350455
JETS,2022-12-06,18.73,18.85,18.475,18.7,2441834,18.63,-0.03,-0.16017
JETS,2022-12-07,18.62,18.62,18.085,18.09,3480834,18.22,-0.53,-2.85
JETS,2022-12-08,18.16,18.375,17.96,18.04,3017131,18.12,-0.12,-0.66079
JETS,2022-12-09,17.97,18.15,17.92,18.11,1562132,18.08,0.14,0.77908
JETS,2022-12-12,18.1,18.61,18.06,18.6,2259781,18.39,0.5,2.76
JETS,2022-12-13,19.06,19.15,17.94,18.07,6775202,18.26,-0.99,-5.19
JETS,2022-12-14,18.25,18.33,17.87,18.06,4191724,18.1,-0.19,-1.04
JETS,2022-12-15,17.89,17.948,17.505,17.6,4230571,17.62,-0.29,-1.62
JETS,2022-12-16,17.5,17.6598,17.26,17.45,2536944,17.41,-0.05,-0.28571
JETS,2022-12-19,17.47,17.55,17.17,17.18,2758824,17.3,-0.29,-1.66
JETS,2022-12-20,17.14,17.37,17.14,17.25,2684042,17.26,0.11,0.64177
JETS,2022-12-21,17.34,17.635,17.34,17.48,2736691,17.51,0.14,0.80738
JETS,2022-12-22,17.33,17.38,16.84,17.11,3044404,17.04,-0.22,-1.27
JETS,2022-12-23,17.14,17.23,16.935,17.23,1897552,17.11,0.09,0.52509
JETS,2022-12-27,17.0739,17.163,16.9,17.01,2805401,17.03,-0.0639,-0.37426
JETS,2022-12-28,16.96,17.008,16.58,16.6,2917925,16.75,-0.36,-2.12
JETS,2022-12-29,16.7,17.04,16.62,17.04,3173986,16.93,0.34,2.04
JETS,2022-12-30,16.86,17.1,16.82,17.08,3474821,17.0,0.22,1.3
JETS,2023-01-03,17.18,17.3303,16.82,16.97,6249154,16.98,-0.21,-1.22
JETS,2023-01-04,17.11,17.86,17.11,17.86,5038903,17.71,0.75,4.38
JETS,2023-01-05,17.75,18.06,17.675,18.06,3625849,17.94,0.31,1.75
JETS,2023-01-06,18.15,18.45,18.04,18.43,3203669,18.29,0.28,1.54
JETS,2023-01-09,18.55,18.9,18.54,18.73,3698703,18.79,0.18,0.97035
JETS,2023-01-10,18.7,19.19,18.62,19.18,3098532,18.93,0.48,2.57
JETS,2023-01-11,19.04,19.35,19.01,19.25,3973220,19.23,0.21,1.1
JETS,2023-01-12,19.5,20.14,19.49,20.14,5208109,19.84,0.64,3.28
JETS,2023-01-13,19.59,20.2,19.54,20.17,3793782,20.0,0.58,2.96
JETS,2023-01-17,20.12,20.25,19.95,20.25,4092755,20.13,0.13,0.64612
JETS,2023-01-18,20.59,20.69,19.92,19.97,5450119,20.21,-0.62,-3.01
JETS,2023-01-19,19.82,19.995,19.55,19.94,3980403,19.82,0.12,0.60545
JETS,2023-01-20,20.03,20.3,19.935,20.24,3199603,20.19,0.21,1.05
JETS,2023-01-23,20.26,20.3485,20.18,20.25,3356164,20.26,-0.01,-0.04935834
JETS,2023-01-24,20.15,20.42,20.12,20.24,3908324,20.3,0.09,0.44665
JETS,2023-01-25,20.09,20.5,20.09,20.47,4164793,20.36,0.38,1.89
JETS,2023-01-26,20.565,20.63,20.07,20.44,4386382,20.32,-0.125,-0.60783
JETS,2023-01-27,20.29,20.47,20.22,20.3,3011391,20.35,0.01,0.04928536
JETS,2023-01-30,20.13,20.4,19.965,19.99,2826922,20.1,-0.14,-0.69548
JETS,2023-01-31,20.04,20.22,19.92,20.2,1977708,20.12,0.16,0.7984
JETS,2023-02-01,20.14,20.51,19.93,20.4,4271725,20.22,0.26,1.29
JETS,2023-02-02,20.6,21.24,20.6,21.04,5966935,20.97,0.44,2.14
JETS,2023-02-03,20.8,20.9,20.645,20.74,3391264,20.76,-0.06,-0.28846
JETS,2023-02-06,20.54,20.665,20.46,20.6,2059669,20.57,0.06,0.29211
JETS,2023-02-07,20.56,20.68,20.21,20.6,2499099,20.47,0.04,0.19455
JETS,2023-02-08,20.54,20.76,20.39,20.56,2609797,20.55,0.02,0.09737098
JETS,2023-02-09,20.64,20.71,20.035,20.12,3097376,20.28,-0.52,-2.52
JETS,2023-02-10,19.93,19.93,19.53,19.65,9645995,19.67,-0.28,-1.4
JETS,2023-02-13,19.73,19.985,19.625,19.94,2257073,19.9,0.21,1.06
JETS,2023-02-14,19.95,20.3375,19.815,20.26,2994849,20.18,0.31,1.55
JETS,2023-02-15,20.1,20.39,20.065,20.32,1924828,20.24,0.22,1.09
JETS,2023-02-16,20.09,20.15,19.9,19.96,3432977,20.04,-0.13,-0.64709
JETS,2023-02-17,19.93,19.98,19.64,19.9,3569209,19.87,-0.03,-0.15053
JETS,2023-02-21,19.62,19.7099,19.205,19.3,2970642,19.38,-0.32,-1.63
JETS,2023-02-22,19.27,19.47,19.16,19.3,2052455,19.29,0.03,0.15568
JETS,2023-02-23,19.5,19.76,19.305,19.55,3881322,19.54,0.05,0.25641
JETS,2023-02-24,19.17,19.36,19.1,19.35,3713241,19.25,0.18,0.93897
JETS,2023-02-27,19.51,19.71,19.46,19.52,3689205,19.58,0.01,0.05125577
JETS,2023-02-28,19.65,19.86,19.475,19.76,3465390,19.73,0.11,0.5598
JETS,2023-03-01,19.76,19.885,19.63,19.8,1675475,19.77,0.04,0.20243
JETS,2023-03-02,19.63,19.9053,19.5194,19.89,1391343,19.76,0.26,1.32
JETS,2023-03-03,20.053,20.28,19.975,20.12,3037825,20.16,0.067,0.33411
JETS,2023-03-06,20.19,20.33,19.96,19.99,2323569,20.1,-0.2,-0.99059
JETS,2023-03-07,20.0,20.36,19.9711,20.12,3310291,20.16,0.12,0.6
JETS,2023-03-08,20.22,20.245,20.02,20.21,1836196,20.14,-0.01,-0.04945598
JETS,2023-03-09,20.15,20.3376,19.53,19.59,2651416,19.82,-0.56,-2.78
JETS,2023-03-10,19.63,19.7,18.96,19.16,5575406,19.23,-0.47,-2.39
JETS,2023-03-13,18.82,18.88,18.37,18.45,7759234,18.58,-0.37,-1.97
JETS,2023-03-14,18.73,18.8,18.15,18.34,4379657,18.45,-0.39,-2.08
JETS,2023-03-15,17.93,17.94,17.2699,17.55,6669035,17.56,-0.38,-2.12
JETS,2023-03-16,17.43,17.88,17.31,17.86,4598767,17.72,0.43,2.47
JETS,2023-03-17,17.71,17.74,17.355,17.52,3602405,17.49,-0.19,-1.07
JETS,2023-03-20,17.53,17.745,17.425,17.53,2677300,17.6,0.0,0.0
JETS,2023-03-21,17.84,18.06,17.83,17.94,1909033,17.96,0.1,0.56054
JETS,2023-03-22,18.04,18.04,17.51,17.52,3471091,17.79,-0.52,-2.88
JETS,2023-03-23,17.68,17.875,17.1799,17.34,5172285,17.5,-0.34,-1.92
JETS,2023-03-24,17.17,17.33,17.0,17.29,4601168,17.11,0.12,0.69889
JETS,2023-03-27,17.45,17.62,17.33,17.52,1865964,17.48,0.07,0.40115
JETS,2023-03-28,17.46,17.72,17.46,17.68,1453184,17.62,0.22,1.26
JETS,2023-03-29,17.88,18.08,17.8,18.06,2405370,18.0,0.18,1.01
JETS,2023-03-30,18.26,18.47,18.26,18.3,2619670,18.35,0.04,0.21906
JETS,2023-03-31,18.4,18.64,18.37,18.63,2037969,18.56,0.23,1.25
JETS,2023-04-03,18.38,18.57,18.285,18.44,2985348,18.39,0.06,0.32644
JETS,2023-04-04,18.48,18.54,18.1403,18.32,2113764,18.28,-0.16,-0.8658
JETS,2023-04-05,18.18,18.25,17.85,18.05,2771848,17.99,-0.13,-0.71507
JETS,2023-04-06,18.03,18.24,17.965,18.13,2177875,18.12,0.1,0.55463
JETS,2023-04-10,18.05,18.34,17.97,18.32,2169410,18.25,0.27,1.5
JETS,2023-04-11,18.4,18.69,18.33,18.6,2878249,18.58,0.2,1.09
JETS,2023-04-12,18.47,18.4999,17.8252,18.02,6966160,18.05,-0.45,-2.44
JETS,2023-04-13,18.17,18.1999,17.855,18.06,4428042,18.05,-0.11,-0.60539
JETS,2023-04-14,18.03,18.11,17.8,17.93,2290250,17.96,-0.1,-0.55463
JETS,2023-04-17,17.96,18.2,17.94,18.17,1563469,18.12,0.21,1.17
JETS,2023-04-18,18.33,18.38,18.09,18.34,2349412,18.25,0.01,0.05455537
JETS,2023-04-19,18.31,18.7054,18.265,18.64,3149203,18.53,0.33,1.8
JETS,2023-04-20,18.54,18.632,18.28,18.33,2262114,18.42,-0.21,-1.13
JETS,2023-04-21,18.36,18.36,18.11,18.25,1961121,18.2,-0.11,-0.59913
JETS,2023-04-24,18.29,18.34,18.0,18.18,1711391,18.17,-0.11,-0.60142
JETS,2023-04-25,18.06,18.07,17.75,17.77,1782490,17.85,-0.29,-1.61
JETS,2023-04-26,17.81,17.96,17.54,17.59,2359636,17.67,-0.22,-1.24
JETS,2023-04-27,17.6311,17.72,17.36,17.68,2841938,17.6,0.0489,0.27735
JETS,2023-04-28,17.63,18.115,17.61,18.07,2715994,18.02,0.44,2.5
JETS,2023-05-01,18.02,18.265,17.96,18.13,3316302,18.16,0.11,0.61043
JETS,2023-05-02,18.07,18.09,17.7,17.98,2910072,17.9,-0.09,-0.49806
JETS,2023-05-03,18.0,18.33,17.93,18.04,3365731,18.16,0.04,0.22222
JETS,2023-05-04,17.97,18.03,17.43,17.52,3322246,17.58,-0.45,-2.5
JETS,2023-05-05,17.75,18.06,17.68,17.95,2939552,17.93,0.2,1.13
JETS,2023-05-08,18.09,18.24,17.995,18.12,2766605,18.14,0.03,0.16584
JETS,2023-05-09,18.07,18.24,17.95,18.18,1732235,18.16,0.11,0.60874
JETS,2023-05-10,18.31,18.39,17.725,17.99,2877651,17.97,-0.32,-1.75
JETS,2023-05-11,17.92,17.985,17.8,17.88,1643465,17.88,-0.04,-0.22321
JETS,2023-05-12,17.93,17.98,17.605,17.72,1422529,17.73,-0.21,-1.17
JETS,2023-05-15,17.73,17.97,17.68,17.93,1537995,17.87,0.2,1.13
JETS,2023-05-16,17.87,18.08,17.75,17.85,1828398,17.91,-0.02,-0.11192
JETS,2023-05-17,18.0,18.7165,18.0,18.61,5260151,18.47,0.61,3.39
JETS,2023-05-18,18.53,18.695,18.46,18.66,2141749,18.6,0.13,0.70157
JETS,2023-05-19,18.67,18.71,18.32,18.45,1590599,18.48,-0.22,-1.18
JETS,2023-05-22,18.54,18.595,18.245,18.4,2068520,18.39,-0.14,-0.75512
JETS,2023-05-23,18.28,18.67,18.28,18.29,2207108,18.44,0.01,0.0547046
JETS,2023-05-24,18.17,18.17,17.7934,17.94,3038428,17.92,-0.23,-1.27
JETS,2023-05-25,18.0116,18.205,17.94,18.16,1858139,18.1,0.1484,0.82391
JETS,2023-05-26,18.25,18.405,18.2,18.22,2738650,18.29,-0.03,-0.16438
JETS,2023-05-30,18.34,18.5299,18.245,18.32,1385301,18.36,-0.02,-0.10905
JETS,2023-05-31,18.52,18.52,18.065,18.28,1753188,18.22,-0.24,-1.3
JETS,2023-06-01,18.3,18.43,18.1432,18.31,1868248,18.34,0.01,0.05464481
JETS,2023-06-02,18.49,18.96,18.49,18.79,3908466,18.79,0.3,1.62
JETS,2023-06-05,18.78,18.82,18.62,18.76,2293985,18.73,-0.02,-0.1065
JETS,2023-06-06,18.74,19.12,18.645,19.08,3107032,19.02,0.34,1.81
JETS,2023-06-07,19.15,19.28,19.06,19.19,2861777,19.19,0.04,0.20888
JETS,2023-06-08,19.16,19.44,19.07,19.3,2663043,19.31,0.14,0.73069
JETS,2023-06-09,19.37,19.5965,19.37,19.47,3022873,19.49,0.1,0.51626
JETS,2023-06-12,19.6,19.93,19.56,19.82,4277149,19.81,0.22,1.12
JETS,2023-06-13,19.98,20.28,19.94,20.23,3517631,20.15,0.25,1.25
JETS,2023-06-14,20.3,20.49,20.14,20.37,4450283,20.36,0.07,0.34483
JETS,2023-06-15,20.26,20.59,20.26,20.55,3181093,20.49,0.29,1.43
JETS,2023-06-16,20.65,20.7,20.515,20.57,3362296,20.6,-0.08,-0.38741
JETS,2023-06-20,20.44,20.5094,20.24,20.5,5078482,20.4,0.06,0.29354
JETS,2023-06-21,20.4,20.55,20.28,20.48,4728548,20.44,0.08,0.39216
JETS,2023-06-22,20.36,20.5,20.27,20.48,2918520,20.43,0.12,0.58939
JETS,2023-06-23,20.1,20.25,19.91,20.21,3313442,20.16,0.11,0.54726
JETS,2023-06-26,20.2,20.397,20.08,20.18,2795324,20.19,-0.02,-0.0990099
JETS,2023-06-27,20.28,21.16,20.28,21.07,5296615,20.85,0.79,3.9
JETS,2023-06-28,21.1,21.28,21.0401,21.23,3835758,21.19,0.13,0.61611
JETS,2023-06-29,21.2399,21.4,21.11,21.13,3397070,21.23,-0.1099,-0.51742
JETS,2023-06-30,21.28,21.47,21.19,21.42,2554137,21.35,0.14,0.65789
JETS,2023-07-03,21.37,21.72,21.37,21.65,1932286,21.63,0.28,1.31
JETS,2023-07-05,21.53,21.82,21.3623,21.72,2802950,21.7,0.19,0.88249
JETS,2023-07-06,21.44,21.51,21.105,21.25,2826972,21.25,-0.19,-0.88619
JETS,2023-07-07,21.23,21.9,21.23,21.68,3066204,21.7,0.45,2.12
JETS,2023-07-10,21.73,22.05,21.63,22.04,3053488,21.96,0.31,1.43
JETS,2023-07-11,22.07,22.25,21.98,22.18,3550628,22.08,0.11,0.49841
JETS,2023-07-12,22.31,22.4,21.95,22.0,5673549,22.07,-0.31,-1.39
JETS,2023-07-13,22.5,22.5,21.79,21.79,6391075,21.97,-0.71,-3.16
JETS,2023-07-14,21.83,21.83,21.24,21.38,4173340,21.47,-0.45,-2.06
JETS,2023-07-17,21.31,21.555,21.31,21.41,3531878,21.46,0.1,0.46926
JETS,2023-07-18,21.38,21.8553,21.362,21.82,2674407,21.7,0.44,2.06
JETS,2023-07-19,21.84,22.06,21.76,22.0,3987127,21.92,0.16,0.7326
JETS,2023-07-20,21.95,21.97,21.55,21.78,5342309,21.76,-0.17,-0.77449
JETS,2023-07-21,21.87,21.96,21.63,21.79,2517036,21.81,-0.08,-0.3658
JETS,2023-07-24,21.64,21.68,21.43,21.52,3922365,21.55,-0.12,-0.55453
JETS,2023-07-25,21.17,21.21,20.78,21.05,5424624,20.98,-0.12,-0.56684
JETS,2023-07-26,21.09,21.355,20.96,21.31,3269020,21.19,0.22,1.04
JETS,2023-07-27,21.07,21.13,20.74,20.86,4250334,20.94,-0.21,-0.99668
JETS,2023-07-28,21.0,21.28,20.99,21.22,2531073,21.17,0.22,1.05
JETS,2023-07-31,21.23,21.44,21.22,21.39,1988807,21.36,0.16,0.75365
JETS,2023-08-01,21.2,21.2,20.73,20.99,2494963,20.92,-0.21,-0.99057
JETS,2023-08-02,20.73,20.83,20.6,20.76,2957927,20.71,0.03,0.14472
JETS,2023-08-03,20.48,20.5,20.19,20.26,4033026,20.27,-0.22,-1.07
JETS,2023-08-04,20.39,20.54,20.21,20.29,2640689,20.39,-0.1,-0.49044
JETS,2023-08-07,20.34,20.54,20.2626,20.5,1772629,20.41,0.16,0.78663
JETS,2023-08-08,20.26,20.67,20.205,20.65,2261149,20.47,0.39,1.92
JETS,2023-08-09,20.61,20.65,20.23,20.33,2745102,20.4,-0.28,-1.36
JETS,2023-08-10,20.51,20.59,20.21,20.35,3239518,20.41,-0.16,-0.78011
JETS,2023-08-11,20.26,20.35,20.135,20.19,3354911,20.24,-0.07,-0.34551
JETS,2023-08-14,20.11,20.265,19.97,20.25,2495966,20.15,0.14,0.69617
JETS,2023-08-15,20.11,20.11,19.8,19.81,2336806,19.89,-0.3,-1.49
JETS,2023-08-16,19.74,20.0101,19.63,19.65,3145362,19.76,-0.09,-0.45593
JETS,2023-08-17,19.75,19.75,19.31,19.35,2608340,19.44,-0.4,-2.03
JETS,2023-08-18,19.11,19.32,19.08,19.23,2909533,19.22,0.12,0.62794
JETS,2023-08-21,19.23,19.36,19.15,19.28,2462204,19.24,0.05,0.26001
JETS,2023-08-22,19.32,19.39,19.05,19.17,2082551,19.14,-0.15,-0.7764
JETS,2023-08-23,19.13,19.38,19.0424,19.29,2389033,19.29,0.16,0.83638
JETS,2023-08-24,19.19,19.355,18.96,18.97,3442167,19.08,-0.22,-1.15
JETS,2023-08-25,19.01,19.0399,18.76,18.91,2998879,18.89,-0.1,-0.52604
JETS,2023-08-28,18.99,19.23,18.99,19.11,2719316,19.11,0.12,0.63191
JETS,2023-08-29,19.12,19.52,19.04,19.44,2677791,19.4,0.32,1.67
JETS,2023-08-30,19.43,19.49,19.29,19.3,2763433,19.4,-0.13,-0.66907
JETS,2023-08-31,19.38,19.42,19.21,19.25,1933700,19.3,-0.13,-0.67079
JETS,2023-09-01,19.35,19.385,19.11,19.21,2244041,19.19,-0.14,-0.72351
JETS,2023-09-05,19.04,19.05,18.72,18.89,4676226,18.87,-0.15,-0.78782
JETS,2023-09-06,18.7,19.05,18.6011,18.65,3279463,18.72,-0.05,-0.26738
JETS,2023-09-07,18.54,18.61,18.33,18.37,2982654,18.42,-0.17,-0.91694
JETS,2023-09-08,18.37,18.47,18.23,18.32,2807969,18.33,-0.05,-0.27218
JETS,2023-09-11,18.39,18.49,18.2225,18.42,2939223,18.38,0.03,0.16313
JETS,2023-09-12,18.41,18.6,18.365,18.41,2440603,18.46,0.0,0.0
JETS,2023-09-13,18.08,18.2,17.85,17.91,4618910,18.0,-0.17,-0.94027
JETS,2023-09-14,18.05,18.11,17.86,18.0,4094182,17.97,-0.05,-0.27701
JETS,2023-09-15,18.0,18.19,17.92,18.0,5477775,18.05,0.0,0.0
JETS,2023-09-18,17.93,17.93,17.67,17.67,3584517,17.77,-0.26,-1.45
JETS,2023-09-19,17.65,17.7936,17.57,17.68,6702635,17.67,0.03,0.16997
JETS,2023-09-20,17.87,17.95,17.53,17.53,4660214,17.74,-0.34,-1.9
JETS,2023-09-21,17.4,17.5604,17.325,17.36,6168500,17.44,-0.04,-0.22989
JETS,2023-09-22,17.42,17.43,17.13,17.17,4996219,17.23,-0.25,-1.44
JETS,2023-09-25,17.08,17.1505,16.88,17.1,2915345,17.04,0.02,0.1171
JETS,2023-09-26,17.01,17.2101,16.82,16.85,4432527,17.0,-0.16,-0.94062
JETS,2023-09-27,16.92,17.02,16.74,16.9,4727147,16.91,-0.02,-0.1182
JETS,2023-09-28,16.84,17.285,16.815,17.11,5151456,17.15,0.27,1.6
JETS,2023-09-29,17.28,17.2812,16.92,17.03,4756079,17.08,-0.25,-1.45
JETS,2023-10-02,17.02,17.07,16.735,16.79,3246163,16.85,-0.23,-1.35
JETS,2023-10-03,16.72,16.77,16.37,16.39,4910324,16.49,-0.33,-1.97
JETS,2023-10-04,16.42,16.77,16.38,16.72,6645517,16.65,0.3,1.83
JETS,2023-10-05,16.84,16.84,16.525,16.69,4151044,16.66,-0.15,-0.89074
JETS,2023-10-06,16.58,16.93,16.46,16.77,4896281,16.78,0.19,1.15
JETS,2023-10-09,16.38,16.4192,16.04,16.34,7129833,16.23,-0.04,-0.2442
JETS,2023-10-10,16.52,16.845,16.49,16.62,5777018,16.67,0.1,0.60533
JETS,2023-10-11,16.66,16.9,16.45,16.61,6630839,16.63,-0.05,-0.30012
JETS,2023-10-12,16.8,16.8,16.1,16.23,8068587,16.3,-0.57,-3.39
JETS,2023-10-13,16.16,16.21,15.84,15.9,6292307,15.95,-0.26,-1.61
JETS,2023-10-16,15.97,16.2,15.895,16.15,6174257,16.09,0.18,1.13
JETS,2023-10-17,16.03,16.36,16.03,16.2,3149692,16.22,0.17,1.06
JETS,2023-10-18,15.96,15.96,15.49,15.49,6750881,15.6,-0.47,-2.94
JETS,2023-10-19,15.54,15.7,15.36,15.37,6137109,15.56,-0.17,-1.09
JETS,2023-10-20,15.32,15.335,15.13,15.13,4123796,15.21,-0.19,-1.24
JETS,2023-10-23,15.1,15.44,15.0005,15.19,6922365,15.27,0.09,0.59603
JETS,2023-10-24,15.26,15.345,15.03,15.14,5054066,15.15,-0.12,-0.78637
JETS,2023-10-25,15.06,15.09,14.87,14.87,4897265,14.95,-0.19,-1.26
JETS,2023-10-26,14.93,15.13,14.79,15.0,7290409,14.96,0.07,0.46885
JETS,2023-10-27,14.99,15.05,14.7,14.74,6598899,14.84,-0.25,-1.67
JETS,2023-10-30,14.85,15.0775,14.825,15.03,5285412,15.0,0.18,1.21
JETS,2023-10-31,14.91,14.97,14.69,14.92,5501957,14.87,0.01,0.06706908
JETS,2023-11-01,14.9,15.0,14.7,14.84,5170914,14.85,-0.06,-0.40268
JETS,2023-11-02,15.06,15.33,15.06,15.33,5513904,15.23,0.27,1.79
JETS,2023-11-03,15.57,15.99,15.57,15.94,8078159,15.89,0.37,2.38
JETS,2023-11-06,15.98,16.05,15.555,15.67,5306819,15.72,-0.31,-1.94
JETS,2023-11-07,15.72,15.7761,15.5508,15.7,5620326,15.69,-0.02,-0.12723
JETS,2023-11-08,15.82,16.12,15.81,15.85,6958760,15.95,0.03,0.18963
JETS,2023-11-09,15.94,16.03,15.49,15.51,7377958,15.66,-0.43,-2.7
JETS,2023-11-10,15.5408,15.73,15.39,15.69,5143495,15.58,0.1492,0.96005
JETS,2023-11-13,15.6,15.83,15.502,15.71,3271556,15.7,0.11,0.70513
JETS,2023-11-14,16.1,16.48,16.07,16.46,13420412,16.36,0.36,2.24
JETS,2023-11-15,16.56,17.01,16.53,16.7,7893924,16.77,0.14,0.84541
JETS,2023-11-16,16.66,16.7671,16.36,16.44,7382280,16.47,-0.22,-1.32
JETS,2023-11-17,16.56,16.73,16.51,16.72,4687444,16.62,0.16,0.96618
JETS,2023-11-20,16.67,16.96,16.595,16.94,3841095,16.84,0.27,1.62
JETS,2023-11-21,16.79,16.83,16.6,16.64,3937353,16.67,-0.15,-0.89339
JETS,2023-11-22,16.91,17.14,16.67,16.75,6805434,16.9,-0.16,-0.94619
JETS,2023-11-24,16.73,16.83,16.68,16.81,2870272,16.77,0.08,0.47818
JETS,2023-11-27,16.73,16.73,16.52,16.6,4726586,16.62,-0.13,-0.77705
JETS,2023-11-28,16.56,16.68,16.44,16.67,4856852,16.57,0.11,0.66425
JETS,2023-11-29,16.75,16.9949,16.71,16.75,4377291,16.82,0.0,0.0
JETS,2023-11-30,16.83,16.87,16.54,16.86,4705220,16.75,0.03,0.17825
JETS,2023-12-01,16.79,17.32,16.77,17.32,9093932,17.21,0.53,3.16
JETS,2023-12-04,17.75,18.09,17.63,18.06,9107794,17.8825,0.31,1.75
JETS,2023-12-05,17.9,17.95,17.67,17.78,5666438,17.825,-0.12,-0.67039
JETS,2023-12-06,17.97,18.39,17.97,18.11,6116018,18.11,0.14,0.77908
JETS,2023-12-07,18.35,18.6,18.27,18.55,5783267,18.4425,0.2,1.09
JETS,2023-12-08,18.5,18.6,18.36,18.44,6311398,18.475,-0.06,-0.32432
JETS,2023-12-11,18.38,18.5,18.27,18.44,5413886,18.3975,0.06,0.32644
JETS,2023-12-12,18.38,18.72,18.36,18.63,5076816,18.5225,0.25,1.36
JETS,2023-12-13,18.47,18.77,18.12,18.75,8913293,18.5275,0.28,1.52
JETS,2023-12-14,18.92,19.35,18.92,19.26,7397118,19.1125,0.34,1.8
JETS,2023-12-15,19.21,19.31,19.07,19.18,7752854,19.1925,-0.03,-0.15617
JETS,2023-12-18,19.1,19.1,18.83,19.0,6489968,19.0075,-0.1,-0.52356
JETS,2023-12-19,19.08,19.31,19.05,19.21,3545659,19.1625,0.13,0.68134
JETS,2023-12-20,19.1,19.38,18.88,18.9,4956762,19.065,-0.2,-1.05
JETS,2023-12-21,19.19,19.36,19.15,19.28,3847779,19.245,0.09,0.46899
JETS,2023-12-22,19.32,19.41,19.24,19.34,2148148,19.3275,0.02,0.10352
JETS,2023-12-26,19.3,19.36,19.23,19.23,2419686,19.28,-0.07,-0.36269
JETS,2023-12-27,19.22,19.31,19.08,19.18,3926000,19.1975,-0.04,-0.20812
JETS,2023-12-28,19.12,19.34,19.09,19.27,2960431,19.205,0.15,0.78452
JETS,2023-12-29,19.19,19.27,19.0,19.03,3455655,19.1225,-0.16,-0.83377
JETS,2024-01-02,18.87,19.04,18.58,18.74,6323825,18.8075,-0.13,-0.68892
JETS,2024-01-03,18.48,18.48,17.98,18.01,13898415,18.2375,-0.47,-2.54
JETS,2024-01-04,18.08,18.54,18.07,18.38,6778177,18.2675,0.3,1.66
JETS,2024-01-05,18.27,18.86,18.27,18.77,4438522,18.5425,0.5,2.74
JETS,2024-01-08,18.74,19.3,18.74,19.14,7444454,18.98,0.4,2.13
JETS,2024-01-09,18.98,19.17,18.98,19.01,4554565,19.035,0.03,0.15806
JETS,2024-01-10,18.95,19.17,18.93,19.07,5811115,19.03,0.12,0.63325
JETS,2024-01-11,19.06,19.13,18.78,19.13,4453383,19.025,0.07,0.36726
JETS,2024-01-12,18.66,18.76,18.16,18.16,7187779,18.435,-0.5,-2.68
JETS,2024-01-16,18.01,18.04,17.54,17.9,9274974,17.8725,-0.11,-0.61077
JETS,2024-01-17,17.73,17.86,17.5,17.56,3707463,17.6625,-0.17,-0.95883
JETS,2024-01-18,17.65,18.22,17.62,18.21,6111075,17.925,0.56,3.17
JETS,2024-01-19,18.22,18.22,17.8,18.11,4917081,18.0875,-0.11,-0.60373
JETS,2024-01-22,18.17,18.38,18.03,18.1,6277294,18.17,-0.07,-0.38525
JETS,2024-01-23,18.44,18.79,18.41,18.52,6332482,18.54,0.08,0.43384
JETS,2024-01-24,18.7,18.79,18.59,18.65,4557322,18.6825,-0.05,-0.26738
JETS,2024-01-25,18.92,19.32,18.89,19.22,5840361,19.0875,0.3,1.59
JETS,2024-01-26,19.24,19.45,19.06,19.12,4581875,19.2175,-0.12,-0.6237
JETS,2024-01-29,19.1,19.24,18.99,19.19,3672366,19.13,0.09,0.4712
JETS,2024-01-30,19.01,19.13,18.9,18.9,3607395,18.985,-0.11,-0.57864
JETS,2024-01-31,18.86,19.13,18.67,18.75,4657506,18.8525,-0.11,-0.58324
JETS,2024-02-01,18.81,19.07,18.54,19.05,6006380,18.8675,0.24,1.28
JETS,2024-02-02,18.9,19.23,18.79,19.15,4293184,19.0175,0.25,1.32
JETS,2024-02-05,18.93,18.99,18.69,18.79,5007677,18.85,-0.14,-0.73957
JETS,2024-02-06,18.8,19.44,18.75,19.42,5360350,19.1025,0.62,3.3
JETS,2024-02-07,19.44,19.57,19.3,19.45,4432046,19.44,0.01,0.05144033
JETS,2024-02-08,19.45,19.64,19.19,19.63,4535135,19.4775,0.18,0.92545
JETS,2024-02-09,19.59,19.75,19.38,19.7,4629403,19.605,0.11,0.56151
JETS,2024-02-12,19.58,20.0,19.57,19.86,2588770,19.7525,0.28,1.43
JETS,2024-02-13,19.51,19.8,19.43,19.67,4350595,19.6025,0.16,0.82009
JETS,2024-02-14,19.79,20.06,19.77,20.03,3144334,19.9125,0.24,1.21
JETS,2024-02-15,20.15,20.36,20.14,20.23,2484936,20.22,0.08,0.39702
JETS,2024-02-16,20.09,20.18,19.78,19.99,5399376,20.01,-0.1,-0.49776
JETS,2024-02-20,19.94,20.33,19.94,20.08,2555817,20.0725,0.14,0.70211
JETS,2024-02-21,19.98,20.11,19.93,20.04,2207531,20.015,0.06,0.3003
JETS,2024-02-22,20.15,20.46,20.13,20.3,2658395,20.26,0.15,0.74442
JETS,2024-02-23,20.19,20.29,20.03,20.14,1695256,20.1625,-0.05,-0.24765
JETS,2024-02-26,20.09,20.34,20.09,20.13,1286392,20.1625,0.04,0.1991
JETS,2024-02-27,20.23,20.38,20.17,20.21,1976604,20.2475,-0.02,-0.09886307
JETS,2024-02-28,20.04,20.25,20.02,20.11,1672416,20.105,0.07,0.3493
JETS,2024-02-29,20.17,20.36,20.05,20.16,2018037,20.185,-0.01,-0.04957858
JETS,2024-03-01,20.18,20.21,19.93,20.1,1902045,20.105,-0.08,-0.39643
JETS,2024-03-04,20.1,20.36,19.88,20.04,2764763,20.095,-0.06,-0.29851
JETS,2024-03-05,19.88,20.13,19.85,20.04,2336560,19.975,0.16,0.80483
JETS,2024-03-06,20.13,20.39,20.11,20.3,1934118,20.2325,0.17,0.84451
JETS,2024-03-07,20.39,20.45,20.29,20.31,3833350,20.36,-0.08,-0.39235
JETS,2024-03-08,20.35,20.53,20.05,20.1,4964291,20.2575,-0.25,-1.23
JETS,2024-03-11,20.01,20.09,19.88,20.02,3472203,20.0,0.01,0.04997501
JETS,2024-03-12,19.69,19.7,19.33,19.59,5512258,19.5775,-0.1,-0.50787
JETS,2024-03-13,19.51,19.9,19.48,19.72,3282678,19.6525,0.21,1.08
JETS,2024-03-14,19.68,19.77,19.47,19.57,2474101,19.6225,-0.11,-0.55894
JETS,2024-03-15,19.52,19.77,19.52,19.66,1629935,19.6175,0.14,0.71721
JETS,2024-03-18,19.64,19.69,19.45,19.65,2939078,19.6075,0.01,0.0509165
JETS,2024-03-19,19.59,19.74,19.54,19.65,1133835,19.63,0.06,0.30628
JETS,2024-03-20,19.58,20.27,19.56,20.22,2721506,19.9075,0.64,3.27
JETS,2024-03-21,20.26,20.41,20.22,20.4,1973535,20.3225,0.14,0.69102
JETS,2024-03-22,20.36,20.45,20.28,20.33,2757436,20.355,-0.03,-0.14735
JETS,2024-03-25,20.19,20.4,20.11,20.37,1627812,20.2675,0.18,0.89153
JETS,2024-03-26,20.4,20.58,20.4,20.45,1734038,20.4575,0.05,0.2451
JETS,2024-03-27,20.53,20.97,20.53,20.95,2916710,20.745,0.42,2.05
JETS,2024-03-28,20.94,21.16,20.9,21.01,2031009,21.0025,0.07,0.33429
JETS,2024-04-01,21.06,21.22,20.84,20.85,2924098,20.9925,-0.21,-0.99715
JETS,2024-04-02,20.53,20.55,20.25,20.35,2704513,20.42,-0.18,-0.87677
JETS,2024-04-03,20.26,20.45,20.19,20.24,3822954,20.285,-0.02,-0.09871668
JETS,2024-04-04,20.37,20.66,19.94,19.97,5035292,20.235,-0.4,-1.96
JETS,2024-04-05,20.02,20.22,19.93,20.12,2146514,20.0725,0.1,0.4995
JETS,2024-04-08,20.18,20.47,20.18,20.33,1939392,20.29,0.15,0.74331
JETS,2024-04-09,20.37,20.49,20.21,20.43,2624265,20.375,0.06,0.29455
JETS,2024-04-10,20.44,20.61,19.81,19.91,5812244,20.1925,-0.53,-2.59
JETS,2024-04-11,19.94,20.19,19.79,20.14,1712746,20.015,0.2,1.0
JETS,2024-04-12,19.8,19.85,19.52,19.54,3509193,19.6775,-0.26,-1.31
JETS,2024-04-15,19.71,19.86,19.32,19.38,3555432,19.5675,-0.33,-1.67
JETS,2024-04-16,19.28,19.45,19.05,19.37,4340696,19.2875,0.09,0.4668
JETS,2024-04-17,19.71,20.17,19.71,20.13,4956483,19.93,0.42,2.13
JETS,2024-04-18,20.28,20.69,20.27,20.41,4652890,20.4125,0.13,0.64103
JETS,2024-04-19,20.3,20.64,20.3,20.46,3235712,20.425,0.16,0.78818
JETS,2024-04-22,20.55,21.03,20.54,20.98,4000521,20.775,0.43,2.09
JETS,2024-04-23,20.59,21.0,20.55,20.83,2854987,20.7425,0.24,1.17
JETS,2024-04-24,20.75,20.8,20.37,20.43,3425363,20.5875,-0.32,-1.54
JETS,2024-04-25,20.11,20.53,19.89,20.48,2576555,20.2525,0.37,1.84
JETS,2024-04-26,20.45,20.62,20.31,20.47,2009009,20.4625,0.02,0.09779951
JETS,2024-04-29,20.43,20.58,20.39,20.56,2149578,20.49,0.13,0.63632
JETS,2024-04-30,20.34,20.46,20.1,20.1,1880433,20.25,-0.24,-1.18
JETS,2024-05-01,20.11,20.34,19.87,20.08,3064014,20.1,-0.03,-0.14918
JETS,2024-05-02,20.3,20.46,20.15,20.46,1734017,20.3425,0.16,0.78818
JETS,2024-05-03,20.6,20.66,20.35,20.46,2434370,20.5175,-0.14,-0.67961
JETS,2024-05-06,20.53,21.0,20.51,21.0,2923600,20.76,0.47,2.29
JETS,2024-05-07,20.85,20.86,20.61,20.62,2289541,20.735,-0.23,-1.1
JETS,2024-05-08,20.45,20.65,20.4,20.54,1835440,20.51,0.09,0.4401
JETS,2024-05-09,20.48,20.67,20.42,20.64,1345596,20.5525,0.16,0.78125
JETS,2024-05-10,20.75,20.8,20.56,20.63,1354863,20.685,-0.12,-0.57831
JETS,2024-05-13,20.73,21.11,20.73,20.95,3660500,20.88,0.22,1.06
JETS,2024-05-14,21.02,21.23,21.02,21.18,1585309,21.1125,0.16,0.76118
JETS,2024-05-15,21.3,21.38,21.03,21.07,1465671,21.195,-0.23,-1.08
JETS,2024-05-16,21.03,21.17,20.93,20.97,1281260,21.025,-0.06,-0.28531
JETS,2024-05-17,20.98,21.16,20.97,20.99,1353552,21.025,0.01,0.04766444
JETS,2024-05-20,20.98,21.03,20.9,20.95,1152632,20.965,-0.03,-0.14299
JETS,2024-05-21,20.86,20.88,20.55,20.58,2692953,20.7175,-0.28,-1.34
JETS,2024-05-22,20.52,20.71,20.43,20.54,2134792,20.55,0.02,0.09746589
JETS,2024-05-23,20.58,20.64,20.05,20.17,3312786,20.36,-0.41,-1.99
JETS,2024-05-24,20.24,20.32,20.12,20.27,1279687,20.2375,0.03,0.14822
JETS,2024-05-28,20.26,20.29,19.89,19.93,2033562,20.0925,-0.33,-1.63
JETS,2024-05-29,19.37,19.49,19.11,19.47,4012714,19.36,0.1,0.51626
JETS,2024-05-30,19.55,19.66,19.45,19.61,1999045,19.5675,0.06,0.30691
JETS,2024-05-31,19.67,20.05,19.67,20.03,3195632,19.855,0.36,1.83
JETS,2024-06-03,20.2,20.51,20.05,20.16,3433064,20.23,-0.04,-0.19802
JETS,2024-06-04,20.05,20.34,19.93,19.97,2552231,20.0725,-0.08,-0.399
JETS,2024-06-05,20.01,20.3,19.85,20.15,4200750,20.0775,0.14,0.69965
JETS,2024-06-06,20.15,20.34,20.0,20.04,1496540,20.1325,-0.11,-0.54591
JETS,2024-06-07,19.88,20.06,19.85,19.93,1679769,19.93,0.05,0.25151
JETS,2024-06-10,19.93,20.15,19.87,20.05,1289077,20.0,0.12,0.60211
JETS,2024-06-11,19.98,19.98,19.67,19.69,1137682,19.83,-0.29,-1.45
JETS,2024-06-12,19.95,20.26,19.95,20.03,1917576,20.0475,0.08,0.401
JETS,2024-06-13,19.96,19.97,19.61,19.81,2173027,19.8375,-0.15,-0.7515
JETS,2024-06-14,19.63,19.65,19.14,19.44,3800711,19.465,-0.19,-0.96791
JETS,2024-06-17,19.32,19.76,19.32,19.75,1788438,19.5375,0.43,2.23
JETS,2024-06-18,19.67,19.82,19.67,19.72,1478906,19.72,0.05,0.25419
JETS,2024-06-20,19.6,19.78,19.56,19.7,1376369,19.66,0.1,0.5102
JETS,2024-06-21,19.61,19.77,19.48,19.73,1363730,19.6475,0.12,0.61193
JETS,2024-06-24,19.82,19.93,19.73,19.8,5939246,19.82,-0.02,-0.10091
JETS,2024-06-25,19.75,19.82,19.58,19.58,1183560,19.6825,-0.17,-0.86076
JETS,2024-06-26,19.32,19.57,19.16,19.48,2637252,19.3825,0.16,0.82816
JETS,2024-06-27,19.46,19.67,19.41,19.65,1126253,19.5475,0.19,0.97636
JETS,2024-06-28,19.66,19.72,19.53,19.66,3162383,19.6425,0.0,0.0
JETS,2024-07-01,19.65,19.78,19.38,19.4,2476662,19.5525,-0.25,-1.27
JETS,2024-07-02,19.37,19.48,19.35,19.46,1383941,19.415,0.09,0.46464
JETS,2024-07-03,19.58,19.72,19.56,19.65,1075785,19.6275,0.07,0.35751
JETS,2024-07-05,19.54,19.6,19.13,19.15,1792815,19.355,-0.39,-2.0
JETS,2024-07-08,19.23,19.33,19.14,19.22,979904,19.23,-0.01,-0.05200208
JETS,2024-07-09,19.24,19.38,19.15,19.21,899420,19.245,-0.03,-0.15593
JETS,2024-07-10,19.3,19.39,19.23,19.32,1528121,19.31,0.02,0.10363
JETS,2024-07-11,18.87,19.22,18.64,19.2,4159973,18.9825,0.33,1.75
JETS,2024-07-12,19.19,19.35,19.14,19.26,1288002,19.235,0.07,0.36477
JETS,2024-07-15,19.23,19.42,19.11,19.24,2425043,19.25,0.01,0.05200208
JETS,2024-07-16,19.3,19.95,19.24,19.89,2970998,19.595,0.59,3.06
JETS,2024-07-17,19.66,19.85,19.56,19.61,2616030,19.67,-0.05,-0.25432
JETS,2024-07-18,19.52,19.68,19.03,19.13,3698654,19.34,-0.39,-2.0
JETS,2024-07-19,19.1,19.17,18.82,19.11,1329360,19.05,0.01,0.05235602
JETS,2024-07-22,18.96,19.2,18.74,19.13,3216166,19.0075,0.17,0.89662
JETS,2024-07-23,19.08,19.2,19.0,19.08,1540606,19.09,0.0,0.0
JETS,2024-07-24,19.0,19.09,18.55,18.57,3316521,18.8025,-0.43,-2.26
JETS,2024-07-25,18.46,19.27,18.43,19.05,5914562,18.8025,0.59,3.2
JETS,2024-07-26,19.22,19.25,18.87,19.09,1805851,19.1075,-0.13,-0.67638
JETS,2024-07-29,19.06,19.1,18.79,18.79,1916100,18.935,-0.27,-1.42
JETS,2024-07-30,18.92,19.39,18.82,19.14,2146000,19.0675,0.22,1.16
JETS,2024-07-31,19.16,19.53,19.01,19.06,3443508,19.19,-0.1,-0.52192
JETS,2024-08-01,19.07,19.09,18.08,18.18,3337600,18.605,-0.89,-4.67
JETS,2024-08-02,17.91,17.91,17.36,17.4,3522500,17.645,-0.51,-2.85
JETS,2024-08-05,16.55,17.11,16.48,16.76,3800600,16.725,0.21,1.27
JETS,2024-08-06,16.91,17.29,16.76,17.09,2290426,17.0125,0.18,1.06
JETS,2024-08-07,17.24,17.35,16.81,16.81,1386343,17.0525,-0.425,-2.49
JETS,2024-08-08,16.99,17.48,16.95,17.47,1605016,17.2225,0.48,2.83
JETS,2024-08-09,17.46,17.58,17.38,17.48,1494426,17.475,0.02,0.11455
JETS,2024-08-12,17.36,17.38,17.08,17.09,1777900,17.2275,-0.27,-1.56
JETS,2024-08-13,17.18,17.34,17.08,17.3,894383,17.225,0.12,0.69849
JETS,2024-08-14,17.39,17.42,17.15,17.19,1976381,17.2875,-0.2,-1.15
JETS,2024-08-15,17.45,17.8,17.45,17.75,1786488,17.6125,0.3,1.72
JETS,2024-08-16,17.68,17.75,17.64,17.68,1191534,17.6875,0.0,0.0
JETS,2024-08-19,17.74,17.99,17.74,17.95,1383137,17.855,0.21,1.18
JETS,2024-08-20,17.97,17.97,17.76,17.79,2253051,17.8725,-0.18,-1.0
JETS,2024-08-21,17.88,17.95,17.82,17.91,1246400,17.89,0.03,0.16779
JETS,2024-08-22,17.91,18.03,17.76,17.78,1469191,17.87,-0.13,-0.72585
JETS,2024-08-23,17.9,18.38,17.88,18.35,2759868,18.1275,0.45,2.51
JETS,2024-08-26,18.36,18.47,18.23,18.23,1149900,18.3225,-0.13,-0.70806
JETS,2024-08-27,18.27,18.48,18.16,18.38,1419574,18.3225,0.11,0.60208
JETS,2024-08-28,18.31,18.39,18.09,18.22,1300723,18.2525,-0.09,-0.49153
JETS,2024-08-29,18.29,18.64,18.29,18.44,1595817,18.415,0.15,0.82012
JETS,2024-08-30,18.53,18.8,18.53,18.7,1380818,18.64,0.17,0.91743
JETS,2024-09-03,18.57,18.66,18.4,18.44,1283402,18.5175,-0.13,-0.70005
JETS,2024-09-04,18.4,18.74,18.39,18.56,2214900,18.5225,0.16,0.86957
JETS,2024-09-05,18.81,19.13,18.72,18.75,2804027,18.8525,-0.06,-0.31898
JETS,2024-09-06,18.8,18.98,18.47,18.59,3038300,18.71,-0.21,-1.12
JETS,2024-09-09,18.74,19.11,18.72,19.08,3122900,18.9125,0.34,1.81
JETS,2024-09-10,19.07,19.08,18.64,18.91,2028381,18.925,-0.16,-0.83901
JETS,2024-09-11,18.92,18.94,18.59,18.93,2058368,18.845,0.01,0.05285412
JETS,2024-09-12,19.13,19.31,18.67,19.19,2410600,19.075,0.06,0.31364
JETS,2024-09-13,19.23,19.51,19.2,19.28,2156135,19.305,0.05,0.26001
JETS,2024-09-16,19.24,19.45,19.24,19.31,1719964,19.31,0.07,0.36383
JETS,2024-09-17,19.52,19.93,19.5,19.66,2039428,19.6525,0.14,0.71721
JETS,2024-09-18,19.67,20.07,19.61,19.68,2562503,19.7575,0.01,0.05083884
JETS,2024-09-19,20.0,20.15,19.74,19.81,1431300,19.925,-0.19,-0.95
JETS,2024-09-20,19.81,19.84,19.66,19.79,1183157,19.775,-0.02,-0.10096
JETS,2024-09-23,19.74,19.87,19.64,19.77,1067740,19.755,0.03,0.15198
JETS,2024-09-24,19.82,20.13,19.81,20.11,1819400,19.9675,0.29,1.46
JETS,2024-09-25,20.08,20.27,19.88,19.89,1798347,20.03,-0.19,-0.94622
JETS,2024-09-26,20.35,20.94,20.35,20.8,7003900,20.61,0.45,2.21
JETS,2024-09-27,20.88,21.1,20.75,20.84,3552142,20.8925,-0.04,-0.19157
JETS,2024-09-30,20.7,20.9,20.63,20.72,2219762,20.7375,0.02,0.09661836
JETS,2024-10-01,20.7,20.75,20.18,20.46,4230904,20.5225,-0.24,-1.16
JETS,2024-10-02,20.22,20.31,20.04,20.22,3240100,20.1975,0.0,0.0
JETS,2024-10-03,20.17,20.33,19.89,20.04,3157200,20.1075,-0.13,-0.64452
JETS,2024-10-04,20.45,20.91,20.41,20.71,3743280,20.62,0.26,1.27
JETS,2024-10-07,20.6,20.8,20.48,20.67,2505546,20.6375,0.07,0.33981
JETS,2024-10-08,20.71,21.07,20.71,20.83,4157528,20.83,0.12,0.57943
JETS,2024-10-09,20.84,21.13,20.73,20.77,2454400,20.8675,-0.07,-0.33589
JETS,2024-10-10,20.6,20.92,20.53,20.86,2164723,20.7275,0.26,1.26
JETS,2024-10-11,20.72,21.07,20.69,21.06,1161000,20.885,0.34,1.64
JETS,2024-10-14,21.01,21.3,20.97,21.24,1324600,21.13,0.23,1.09
JETS,2024-10-15,21.38,21.68,21.28,21.32,1817800,21.415,-0.06,-0.28064
JETS,2024-10-16,21.39,22.25,21.39,22.2,5520500,21.8075,0.81,3.79
JETS,2024-10-17,22.2,22.29,22.02,22.2,4177805,22.1775,0.0,0.0
JETS,2024-10-18,22.22,22.64,22.14,22.57,2549113,22.3925,0.35,1.58
JETS,2024-10-21,22.41,22.64,22.37,22.57,2398786,22.4975,0.16,0.71397
JETS,2024-10-22,22.5,22.65,22.32,22.54,2467937,22.5025,0.04,0.17778
JETS,2024-10-23,22.54,22.73,22.38,22.64,2404945,22.5725,0.1,0.44366
JETS,2024-10-24,22.64,22.88,22.2,22.37,2845320,22.5225,-0.27,-1.19
JETS,2024-10-25,22.54,22.85,22.47,22.54,4768505,22.6,0.0,0.0
JETS,2024-10-28,22.95,23.25,22.88,23.03,2945159,23.0275,0.08,0.34858
JETS,2024-10-29,22.69,22.93,22.56,22.8,2140360,22.745,0.11,0.4848
JETS,2024-10-30,22.69,23.18,22.69,23.06,2171523,22.905,0.37,1.63
JETS,2024-10-31,22.87,23.14,22.71,22.74,4037454,22.865,-0.13,-0.56843
JETS,2024-11-01,22.81,23.39,22.81,23.15,2188131,23.04,0.34,1.49
JETS,2024-11-04,23.09,23.17,22.81,22.84,1841127,22.9775,-0.25,-1.08
JETS,2024-11-05,22.85,23.38,22.85,23.34,2410560,23.105,0.49,2.14
JETS,2024-11-06,24.12,24.63,24.01,24.51,6115700,24.3175,0.39,1.62
JETS,2024-11-07,24.38,24.58,24.15,24.15,3575400,24.315,-0.23,-0.9434
JETS,2024-11-08,24.15,24.58,24.15,24.45,1311500,24.3325,0.3,1.24
JETS,2024-11-11,24.52,25.05,24.5,25.01,2910600,24.77,0.49,2.0
JETS,2024-11-12,24.78,24.88,24.44,24.72,2316246,24.705,-0.06,-0.24213
JETS,2024-11-13,24.45,24.88,24.32,24.39,1910840,24.51,-0.06,-0.2454
JETS,2024-11-14,24.55,24.95,24.5,24.57,2707444,24.6425,0.02,0.0814664
JETS,2024-11-15,24.6,24.73,24.37,24.49,2290261,24.5475,-0.11,-0.44715
JETS,2024-11-18,24.4,24.4,23.88,23.99,2971848,24.1675,-0.41,-1.68
JETS,2024-11-19,23.46,24.13,23.36,23.92,4032300,23.7175,0.46,1.96
JETS,2024-11-20,23.7,23.99,23.42,23.94,2571744,23.7625,0.24,1.01
JETS,2024-11-21,23.94,24.19,23.88,23.97,1986215,23.995,0.03,0.12531
JETS,2024-11-22,24.04,24.24,23.89,24.18,2520855,24.0875,0.14,0.58236
JETS,2024-11-25,24.47,24.9,24.47,24.66,1859475,24.625,0.19,0.77646
JETS,2024-11-26,24.62,24.87,24.38,24.39,1253456,24.565,-0.23,-0.9342
JETS,2024-11-27,24.38,24.51,24.28,24.49,979503,24.415,0.11,0.45119
JETS,2024-11-29,24.49,24.67,24.49,24.55,611200,24.55,0.06,0.245
JETS,2024-12-02,24.49,24.77,24.4,24.68,1098446,24.585,0.19,0.77583
JETS,2024-12-03,24.63,24.71,24.41,24.41,908397,24.54,-0.22,-0.89322
JETS,2024-12-04,24.61,25.03,24.61,25.0,1941416,24.8125,0.39,1.58
JETS,2024-12-05,25.5,26.1,25.5,25.74,4638963,25.71,0.24,0.94118
JETS,2024-12-06,25.91,26.09,25.47,25.52,1664974,25.7475,-0.39,-1.51
JETS,2024-12-09,25.55,25.64,25.21,25.21,2438700,25.4025,-0.34,-1.33
JETS,2024-12-10,25.5,25.76,25.35,25.47,1159119,25.52,-0.03,-0.11765
JETS,2024-12-11,25.56,25.98,25.56,25.93,1667800,25.7575,0.37,1.45
JETS,2024-12-12,25.92,26.12,25.5,25.52,1257588,25.765,-0.4,-1.54
JETS,2024-12-13,25.52,25.52,25.24,25.27,914935,25.3875,-0.25,-0.97962
JETS,2024-12-16,25.18,25.4,25.08,25.15,969400,25.2025,-0.03,-0.11914
JETS,2024-12-17,25.07,25.18,24.85,25.05,1265109,25.0375,-0.02,-0.07977663
JETS,2024-12-18,25.08,25.54,24.21,24.37,1257300,24.8,-0.71,-2.83
JETS,2024-12-19,24.62,24.94,24.55,24.82,981668,24.7325,0.2,0.81235
JETS,2024-12-20,24.68,25.41,24.61,25.14,1382756,24.96,0.46,1.86
JETS,2024-12-23,25.06,25.56,25.0,25.55,2345040,25.2925,0.49,1.96
JETS,2024-12-24,25.6,25.83,25.41,25.81,826500,25.6625,0.21,0.82031
JETS,2024-12-26,25.65,25.87,25.55,25.83,1631127,25.725,0.18,0.70175
JETS,2024-12-27,25.59,25.76,25.39,25.58,1728908,25.58,-0.01,-0.03907776
JETS,2024-12-30,25.28,25.6,25.02,25.44,1167915,25.335,0.16,0.63291
JETS,2024-12-31,25.37,25.59,25.28,25.35,699736,25.3975,-0.02,-0.07883327
JETS,2025-01-02,25.52,25.52,24.95,25.1,1940352,25.2725,-0.42,-1.65
JETS,2025-01-03,25.1,25.16,24.53,25.13,2136715,24.98,0.03,0.11952
JETS,2025-01-06,25.35,25.91,25.35,25.58,1303509,25.5475,0.23,0.9073
JETS,2025-01-07,25.73,25.98,25.45,25.77,1847419,25.7325,0.04,0.15546
JETS,2025-01-08,25.5,25.81,25.2,25.77,1041078,25.57,0.27,1.06
JETS,2025-01-10,26.35,26.54,25.95,26.22,5185449,26.265,-0.132,-0.49336
JETS,2025-01-13,25.83,25.83,25.28,25.63,1675173,25.6425,-0.2,-0.77429
JETS,2025-01-14,25.91,26.23,25.88,26.15,1690622,26.0425,0.24,0.92628
JETS,2025-01-15,26.47,26.51,25.98,26.03,1980300,26.2475,-0.44,-1.66
JETS,2025-01-16,25.92,26.1,25.69,26.01,769915,25.93,0.09,0.34722
JETS,2025-01-17,26.13,26.31,26.11,26.19,1980600,26.185,0.06,0.22962
JETS,2025-01-21,26.38,26.88,26.38,26.81,3883242,26.6125,0.43,1.63
JETS,2025-01-22,27.08,27.1,26.41,26.48,2937503,26.7675,-0.6,-2.22
JETS,2025-01-23,26.33,26.5,26.15,26.27,2076844,26.3125,-0.06,-0.22788
JETS,2025-01-24,26.15,26.51,25.99,26.25,2542100,26.225,0.1,0.38241
JETS,2025-01-27,26.05,26.65,26.0,26.48,1767400,26.295,0.43,1.65
JETS,2025-01-28,26.21,26.27,25.86,26.02,1893026,26.09,-0.19,-0.72491
JETS,2025-01-29,26.11,26.21,25.99,26.18,1078600,26.1225,0.07,0.2681
JETS,2025-01-30,26.08,26.54,26.08,26.37,850200,26.2675,0.29,1.11
JETS,2025-01-31,26.33,26.64,26.0,26.03,1550000,26.25,-0.3,-1.14
JETS,2025-02-03,25.22,25.93,25.0,25.66,2090041,25.4525,0.44,1.74
JETS,2025-02-04,25.78,26.07,25.67,26.07,1442326,25.8975,0.29,1.12
JETS,2025-02-05,26.05,26.1,25.68,25.88,750255,25.9275,-0.17,-0.65259
JETS,2025-02-06,25.98,26.21,25.9,26.02,855324,26.0275,0.04,0.15396
JETS,2025-02-07,26.27,26.61,26.25,26.42,1401883,26.3875,0.15,0.57099
JETS,2025-02-10,26.38,26.44,25.9,26.1,1251836,26.205,-0.28,-1.06
JETS,2025-02-11,25.93,25.93,25.56,25.7,1865007,25.78,-0.23,-0.887
JETS,2025-02-12,25.49,25.93,25.49,25.85,740236,25.69,0.36,1.41
JETS,2025-02-13,25.97,26.16,25.03,25.47,2373595,25.6575,-0.5,-1.93
JETS,2025-02-14,25.6,25.84,25.48,25.81,1077136,25.6825,0.21,0.82031
JETS,2025-02-18,25.75,26.07,25.74,25.92,2165600,25.87,0.17,0.66019
JETS,2025-02-19,25.75,26.05,25.58,25.86,889322,25.81,0.115,0.42718
JETS,2025-02-20,25.8,25.9,25.29,25.67,1801222,25.665,-0.13,-0.50388
JETS,2025-02-21,25.82,25.89,24.59,24.65,8567607,25.2375,-1.17,-4.53
JETS,2025-02-24,24.89,25.13,24.64,24.89,2049800,24.8875,0.0,0.0
JETS,2025-02-25,24.92,24.94,24.27,24.69,3687903,24.705,-0.23,-0.92295
JETS,2025-02-26,24.84,25.18,24.76,24.78,2115446,24.89,-0.06,-0.24155
JETS,2025-02-27,24.79,24.87,24.15,24.24,2120224,24.5125,-0.55,-2.22
JETS,2025-02-28,24.26,24.59,24.09,24.44,2668403,24.345,0.18,0.74196
JETS,2025-03-03,24.47,24.81,23.77,23.93,2236334,24.245,-0.54,-2.21
JETS,2025-03-04,23.47,23.55,22.79,23.12,3608965,23.2325,-0.35,-1.49
JETS,2025-03-05,23.35,24.04,23.25,23.97,2532400,23.6525,0.62,2.66
JETS,2025-03-06,23.63,23.99,23.21,23.26,2462100,23.5225,-0.37,-1.57
JETS,2025-03-07,23.09,23.17,22.42,23.03,5203200,22.9275,-0.06,-0.25985
JETS,2025-03-10,22.53,22.53,21.56,21.95,6727200,22.1425,-0.58,-2.57
JETS,2025-03-11,22.09,22.2,21.35,21.58,5078049,21.805,-0.51,-2.31
JETS,2025-03-12,21.76,21.88,20.93,21.19,3136692,21.44,-0.57,-2.62
JETS,2025-03-13,21.33,21.37,20.68,21.0,2358900,21.095,-0.33,-1.55
JETS,2025-03-14,21.26,21.66,21.17,21.65,2325900,21.435,0.39,1.83
JETS,2025-03-17,21.55,22.15,21.51,22.05,3979152,21.815,0.5,2.32
JETS,2025-03-18,21.84,21.95,21.48,21.65,1584500,21.73,-0.19,-0.86996
JETS,2025-03-19,21.62,22.42,21.62,22.24,2599822,21.975,0.62,2.87
JETS,2025-03-20,21.97,22.2,21.9,22.01,1748261,22.02,0.04,0.18207
JETS,2025-03-21,21.65,22.03,21.45,21.98,2015134,21.7775,0.33,1.52
JETS,2025-03-24,22.32,22.74,22.29,22.72,2633906,22.5175,0.4,1.79
JETS,2025-03-25,22.8,22.98,22.46,22.49,2707000,22.6825,-0.31,-1.36
JETS,2025-03-26,22.48,22.6,22.13,22.32,1999676,22.3825,-0.16,-0.71174
JETS,2025-03-27,22.24,22.24,21.77,21.79,1452125,22.01,-0.45,-2.02
JETS,2025-03-28,21.76,21.76,21.08,21.13,1981970,21.4325,-0.63,-2.9
JETS,2025-03-31,20.64,20.95,20.17,20.77,3183112,20.6325,0.135,0.62984
JETS,2025-04-01,20.48,20.57,20.04,20.44,2328081,20.3825,-0.04,-0.19531
JETS,2025-04-02,20.13,20.98,20.13,20.94,4183400,20.545,0.81,4.02
JETS,2025-04-03,20.08,20.08,19.12,19.12,5561421,19.6,-0.96,-4.78
JETS,2025-04-04,18.51,18.51,17.34,18.06,5309100,18.105,-0.45,-2.43
JETS,2025-04-07,17.37,18.87,17.11,18.02,3243550,17.8425,0.65,3.74
JETS,2025-04-08,18.78,18.79,17.2,17.37,4547300,18.035,-1.41,-7.51
JETS,2025-04-09,17.47,20.47,17.39,20.36,7096300,18.9225,2.89,16.54
JETS,2025-04-10,19.67,19.76,18.32,18.59,3087515,19.085,-1.07,-5.49
JETS,2025-04-11,18.69,19.1,18.3,19.09,2981274,18.795,0.4,2.14
JETS,2025-04-14,19.44,19.49,18.71,18.87,1763316,19.1275,-0.57,-2.93
JETS,2025-04-15,18.94,19.37,18.86,19.06,2890700,19.0575,0.12,0.63358
JETS,2025-04-16,19.27,19.36,18.59,18.84,1598433,19.015,-0.43,-2.23
JETS,2025-04-17,18.95,19.02,18.65,18.88,1843568,18.875,-0.07,-0.36939
JETS,2025-04-21,18.64,18.68,18.22,18.4,1694400,18.485,-0.24,-1.29
JETS,2025-04-22,18.66,18.9,18.52,18.83,2082900,18.7275,0.17,0.91104
JETS,2025-04-23,19.56,19.98,19.19,19.21,2275600,19.485,-0.345,-1.79
JETS,2025-04-24,18.91,19.59,18.91,19.56,1815800,19.2425,0.65,3.44
JETS,2025-04-25,19.44,19.6,19.32,19.51,1275300,19.4675,0.07,0.36008
JETS,2025-04-28,19.59,19.96,19.49,19.7,1600224,19.685,0.11,0.56151
JETS,2025-04-29,19.62,19.9,19.45,19.75,995960,19.68,0.13,0.66259
JETS,2025-04-30,19.32,19.9,19.09,19.82,1678323,19.5325,0.5,2.59
JETS,2025-05-01,19.91,20.18,19.88,19.94,1190934,19.9775,0.03,0.15068
JETS,2025-05-02,20.33,20.89,20.3,20.88,2562411,20.6,0.55,2.71
JETS,2025-05-05,20.62,21.33,20.62,21.04,2459147,20.9025,0.42,2.04
JETS,2025-05-06,20.64,21.04,20.64,20.81,1127464,20.7825,0.17,0.82364
JETS,2025-05-07,20.9,21.25,20.9,21.12,1354089,21.0425,0.22,1.05
JETS,2025-05-08,21.4,22.03,21.27,21.82,3270257,21.63,0.42,1.96
JETS,2025-05-09,21.89,22.05,21.66,21.84,2115583,21.86,-0.05,-0.22841
JETS,2025-05-12,22.9,23.18,22.37,22.55,3096417,22.75,-0.35,-1.53
JETS,2025-05-13,22.57,23.24,22.57,23.11,3370310,22.8725,0.54,2.39
JETS,2025-05-14,23.03,23.25,22.59,22.62,3687504,22.8725,-0.41,-1.78
JETS,2025-05-15,22.61,22.68,22.29,22.5,2173200,22.52,-0.11,-0.48651
JETS,2025-05-16,22.48,22.83,22.42,22.74,2965628,22.6175,0.26,1.16
JETS,2025-05-19,22.64,22.94,22.54,22.77,1255538,22.7225,0.13,0.5742
JETS,2025-05-20,22.71,22.9,22.46,22.57,1518100,22.66,-0.14,-0.61647
JETS,2025-05-21,22.3,22.41,21.85,21.88,3194953,22.11,-0.42,-1.88
JETS,2025-05-22,21.8,22.22,21.79,22.1,2757328,21.9775,0.3,1.38
JETS,2025-05-23,21.58,21.96,21.57,21.92,1263942,21.7575,0.34,1.58
JETS,2025-05-27,22.31,22.81,22.25,22.78,2692786,22.5375,0.47,2.11
JETS,2025-05-28,22.7,22.84,22.55,22.65,2549641,22.685,-0.05,-0.22026
JETS,2025-05-29,22.87,23.04,22.62,22.74,4042966,22.8175,-0.13,-0.56843
JETS,2025-05-30,22.61,22.82,22.42,22.72,4733300,22.6425,0.11,0.48651
JETS,2025-06-02,22.64,22.84,22.33,22.81,2567100,22.655,0.17,0.75088
JETS,2025-06-03,22.69,22.9,22.61,22.84,5909329,22.76,0.15,0.66108
JETS,2025-06-04,22.77,22.95,22.64,22.78,1618600,22.785,0.01,0.04391744
JETS,2025-06-05,22.68,22.93,22.51,22.59,2146800,22.6775,-0.09,-0.39683
JETS,2025-06-06,22.89,23.25,22.81,23.25,1953709,23.05,0.36,1.57
JETS,2025-06-09,23.37,23.5,23.26,23.32,1286300,23.3625,-0.05,-0.21395
JETS,2025-06-10,23.32,23.52,23.19,23.44,2559000,23.3675,0.12,0.51458
JETS,2025-06-11,23.45,23.46,22.58,22.67,5592119,23.04,-0.78,-3.33
JETS,2025-06-12,22.39,22.53,22.25,22.42,3673106,22.3975,0.03,0.13399
JETS,2025-06-13,21.63,22.04,21.55,21.64,5655810,21.715,0.01,0.04623209
JETS,2025-06-16,21.93,22.43,21.88,22.34,4997700,22.145,0.41,1.87
JETS,2025-06-17,22.0,22.11,21.55,21.66,5266200,21.83,-0.34,-1.55
JETS,2025-06-18,21.66,21.97,21.57,21.63,3603321,21.7075,-0.03,-0.1385
JETS,2025-06-20,21.82,21.83,21.48,21.57,2597700,21.675,-0.25,-1.15
JETS,2025-06-23,21.39,22.03,21.03,21.99,12155122,21.61,0.6,2.81
JETS,2025-06-24,22.51,22.72,22.43,22.66,5447500,22.58,0.15,0.66637
JETS,2025-06-25,22.66,22.73,22.18,22.3,3102237,22.4675,-0.36,-1.59
JETS,2025-06-26,22.33,22.7,22.33,22.63,3525290,22.4975,0.3,1.34
JETS,2025-06-27,22.65,23.03,22.56,22.91,4085900,22.7875,0.26,1.15
JETS,2025-06-30,22.94,23.03,22.86,22.97,1280014,22.95,0.03,0.13078
JETS,2025-07-01,22.86,23.58,22.86,23.43,6149036,23.1825,0.57,2.49
JETS,2025-07-02,23.41,23.79,23.2,23.79,3736215,23.5475,0.38,1.62
JETS,2025-07-03,23.86,24.28,23.83,24.12,2087806,24.0225,0.26,1.09
JETS,2025-07-07,23.93,24.37,23.65,23.81,2427069,23.94,-0.12,-0.50146
JETS,2025-07-08,23.99,24.38,23.88,23.94,2441001,24.0475,-0.05,-0.20842
JETS,2025-07-09,24.11,24.32,23.79,23.87,2732200,24.0225,-0.24,-0.99544
JETS,2025-07-10,24.84,25.88,24.69,25.61,9042360,25.255,0.77,3.1
JETS,2025-07-11,25.31,25.4,24.99,25.03,3128700,25.1825,-0.28,-1.11
JETS,2025-07-14,24.89,25.28,24.87,25.28,2887205,25.08,0.39,1.57
JETS,2025-07-15,25.25,25.36,24.77,24.77,2177384,25.0375,-0.48,-1.9
JETS,2025-07-16,24.97,25.06,24.53,24.91,4078723,24.8675,-0.06,-0.24029
JETS,2025-07-17,25.1,25.57,24.89,25.1,5941660,25.165,0.0,0.0
JETS,2025-07-18,25.15,25.22,24.73,24.99,1758022,25.0225,-0.16,-0.63618
JETS,2025-07-21,25.1,25.23,24.98,25.02,1599545,25.0825,-0.08,-0.31873
JETS,2025-07-22,24.98,25.24,24.76,25.15,1667500,25.0325,0.17,0.68054
JETS,2025-07-23,25.22,25.67,25.22,25.55,3987755,25.415,0.33,1.31
JETS,2025-07-24,25.05,25.1,24.39,24.42,6579329,24.74,-0.63,-2.51
JETS,2025-07-25,24.39,24.61,24.33,24.58,3132271,24.4775,0.19,0.77901
JETS,2025-07-28,24.62,24.68,24.42,24.68,3513697,24.6,0.06,0.2437
JETS,2025-07-29,24.71,24.83,24.18,24.25,4237460,24.4925,-0.46,-1.86
JETS,2025-07-30,24.31,24.31,23.88,24.05,3699400,24.1375,-0.255,-1.07
JETS,2025-07-31,24.02,24.2,23.87,23.95,2233700,24.01,-0.07,-0.29142
JETS,2025-08-01,23.45,23.47,22.91,23.12,3832051,23.2375,-0.33,-1.41
JETS,2025-08-04,23.33,23.61,23.33,23.6,1603873,23.4675,0.27,1.16
JETS,2025-08-05,23.62,23.63,23.17,23.58,2003800,23.5,-0.04,-0.16935
JETS,2025-08-06,23.63,23.84,23.48,23.82,2042300,23.6925,0.19,0.80406
JETS,2025-08-07,23.77,23.79,23.36,23.59,4502081,23.6275,-0.18,-0.75726
JETS,2025-08-08,23.73,23.84,23.52,23.68,3236241,23.6925,-0.05,-0.2107
JETS,2025-08-11,23.67,23.86,23.48,23.51,3533100,23.63,-0.16,-0.67596
JETS,2025-08-12,23.79,25.25,23.79,25.23,7044411,24.515,1.44,6.05
JETS,2025-08-13,25.2,25.77,25.03,25.71,4141116,25.4275,0.51,2.02
JETS,2025-08-14,25.4,25.45,25.19,25.4,2994076,25.36,0.0,0.0
JETS,2025-08-15,25.4,25.74,25.4,25.66,4451009,25.55,0.26,1.02
JETS,2025-08-18,25.72,25.83,25.45,25.71,3390128,25.6775,-0.01,-0.03888025
JETS,2025-08-19,25.68,26.0,25.61,25.73,3643707,25.755,0.05,0.1947
JETS,2025-08-20,25.5,25.56,25.1,25.22,3826834,25.345,-0.28,-1.1
JETS,2025-08-21,25.13,25.13,24.82,24.94,1986749,25.005,-0.19,-0.75607
JETS,2025-08-22,25.12,26.24,25.01,26.22,4895400,25.6475,1.1,4.38
JETS,2025-08-25,25.96,26.06,25.77,25.78,1826639,25.8925,-0.18,-0.69337
JETS,2025-08-26,25.9,26.24,25.83,26.24,3586500,26.0525,0.34,1.31
JETS,2025-08-27,26.04,26.37,26.03,26.13,2002222,26.1425,0.09,0.34562
JETS,2025-08-28,26.26,26.4,26.0,26.31,2347906,26.2425,0.05,0.1904
JETS,2025-08-29,26.22,26.35,26.06,26.31,1369918,26.235,0.09,0.34325
JETS,2025-09-02,25.94,26.35,25.8,26.27,3035731,26.09,0.33,1.27
JETS,2025-09-03,26.27,26.99,26.24,26.44,3398415,26.485,0.17,0.64713
JETS,2025-09-04,26.41,26.66,25.94,25.97,4007839,26.245,-0.44,-1.67
JETS,2025-09-05,26.06,26.51,25.91,26.13,3795726,26.1525,0.07,0.26861
JETS,2025-09-08,26.2,26.25,25.92,26.13,2637626,26.125,-0.07,-0.26718
JETS,2025-09-09,26.07,26.1,25.61,25.77,3702879,25.8875,-0.3,-1.15
JETS,2025-09-10,25.71,26.16,25.65,25.94,2913613,25.865,0.23,0.89459
JETS,2025-09-11,26.1,26.41,25.76,26.32,6980173,26.1475,0.22,0.84291
JETS,2025-09-12,26.24,26.42,25.99,25.99,2974904,26.16,-0.25,-0.95274
JETS,2025-09-15,26.02,26.06,25.67,25.74,3981454,25.8725,-0.28,-1.08
JETS,2025-09-16,25.79,25.85,25.38,25.7,1598744,25.68,-0.09,-0.34897
JETS,2025-09-17,25.74,26.37,25.61,25.85,4417014,25.8925,0.11,0.42735
JETS,2025-09-18,26.0,26.03,25.78,25.91,2020500,25.93,-0.09,-0.34615
JETS,2025-09-19,25.93,25.94,25.59,25.8,1582107,25.815,-0.13,-0.50135
JETS,2025-09-22,25.71,25.78,25.37,25.72,3618416,25.645,0.01,0.03889537
JETS,2025-09-23,25.7,26.12,25.63,25.67,2263600,25.78,-0.03,-0.11673
JETS,2025-09-24,25.67,25.82,25.32,25.32,1693908,25.5325,-0.35,-1.36
JETS,2025-09-25,25.18,25.19,24.75,24.76,2506231,24.97,-0.42,-1.67
JETS,2025-09-26,24.95,25.17,24.83,24.92,1953928,24.9675,-0.03,-0.12024
JETS,2025-09-29,25.15,25.22,24.86,25.05,1778587,25.07,-0.1,-0.39761
JETS,2025-09-30,24.99,25.09,24.38,24.65,2807400,24.7775,-0.34,-1.36
JETS,2025-10-01,24.64,24.88,24.51,24.53,2668829,24.64,-0.11,-0.44643
JETS,2025-10-02,24.54,24.86,24.42,24.76,2633687,24.645,0.22,0.8965
JETS,2025-10-03,24.85,25.14,24.82,24.97,2371971,24.945,0.12,0.4829
JETS,2025-10-06,24.99,25.2,24.67,25.13,1825643,24.9975,0.14,0.56022
JETS,2025-10-07,25.13,25.19,24.55,24.76,3547246,24.9075,-0.37,-1.47
JETS,2025-10-08,24.74,25.05,24.56,24.91,5552300,24.815,0.17,0.68715
JETS,2025-10-09,25.68,25.75,24.66,24.83,4336800,25.23,-0.85,-3.31
JETS,2025-10-10,24.86,25.19,24.14,24.21,3016965,24.6,-0.65,-2.61
JETS,2025-10-13,24.47,24.77,24.39,24.63,2346705,24.565,0.16,0.65386
JETS,2025-10-14,24.26,25.55,24.26,25.41,3802010,24.87,1.15,4.74
JETS,2025-10-15,25.51,25.59,25.23,25.53,2284300,25.465,0.02,0.07840063
JETS,2025-10-16,25.51,25.6,24.62,24.94,6871700,25.1675,-0.57,-2.23
JETS,2025-10-17,24.85,25.11,24.76,24.86,3456548,24.895,0.01,0.04024145
JETS,2025-10-20,25.01,25.59,24.93,25.49,3704184,25.255,0.48,1.92
JETS,2025-10-21,25.34,25.66,25.29,25.61,1928404,25.475,0.27,1.07
JETS,2025-10-22,25.46,25.64,25.09,25.19,2832300,25.345,-0.27,-1.06
JETS,2025-10-23,25.35,25.41,24.76,24.94,3651410,25.115,-0.41,-1.62
JETS,2025-10-24,25.18,25.59,25.15,25.54,3362150,25.365,0.36,1.43
JETS,2025-10-27,25.65,25.7,25.41,25.48,3264199,25.56,-0.17,-0.66277
JETS,2025-10-28,25.41,25.5,24.65,24.68,3811604,25.06,-0.73,-2.87
JETS,2025-10-29,24.69,24.82,24.36,24.53,3991715,24.6,-0.16,-0.64804
JETS,2025-10-30,24.41,24.68,24.23,24.24,4040819,24.39,-0.17,-0.69644
JETS,2025-10-31,24.19,24.64,24.12,24.63,3901231,24.395,0.44,1.82
JETS,2025-11-03,24.75,24.94,24.48,24.81,3025742,24.745,0.06,0.24242
JETS,2025-11-04,24.37,24.44,23.9,23.99,4571032,24.175,-0.38,-1.56
JETS,2025-11-05,24.13,25.12,24.1,25.07,3806900,24.605,0.94,3.9
JETS,2025-11-06,24.9,25.1,24.55,24.7,4167900,24.8125,-0.2,-0.80321
JETS,2025-11-07,24.51,25.45,24.35,25.24,8115700,24.8875,0.73,2.98
JETS,2025-11-10,25.53,25.78,25.09,25.14,3540120,25.385,-0.39,-1.53
JETS,2025-11-11,25.1,25.22,24.83,24.92,2283000,25.0175,-0.18,-0.71713
JETS,2025-11-12,25.01,25.7,24.98,25.69,5322500,25.345,0.68,2.72
JETS,2025-11-13,25.53,25.89,25.13,25.18,3957984,25.4325,-0.35,-1.37
JETS,2025-11-14,24.86,25.05,24.68,24.87,3285650,24.865,0.01,0.04022526
JETS,2025-11-17,24.84,24.84,23.88,23.99,5342206,24.3875,-0.85,-3.42
JETS,2025-11-18,23.79,24.3,23.79,24.16,2555201,24.01,0.37,1.56
JETS,2025-11-19,24.38,24.49,23.92,24.05,2518100,24.21,-0.33,-1.35
JETS,2025-11-20,24.39,24.53,23.64,23.68,3354100,24.06,-0.71,-2.91
JETS,2025-11-21,23.82,24.77,23.82,24.51,3226629,24.23,0.69,2.9
JETS,2025-11-24,24.58,25.03,24.45,25.01,3313805,24.7675,0.43,1.75
JETS,2025-11-25,24.98,25.89,24.98,25.71,3851063,25.39,0.73,2.92
JETS,2025-11-26,25.69,26.44,25.69,26.26,2626141,26.02,0.57,2.22
JETS,2025-11-28,26.26,26.46,26.24,26.31,1708727,26.3175,0.05,0.1904
JETS,2025-12-01,26.0,26.39,25.88,26.2,3102563,26.1175,0.2,0.76923
JETS,2025-12-02,26.27,26.78,26.12,26.65,2428000,26.455,0.38,1.45
JETS,2025-12-03,26.54,27.15,26.54,27.12,2731983,26.8375,0.58,2.19
JETS,2025-12-04,27.14,27.23,26.79,26.91,1899000,27.0175,-0.23,-0.84746
JETS,2025-12-05,26.84,27.47,26.82,27.43,2618925,27.14,0.59,2.2
JETS,2025-12-08,27.56,27.56,27.25,27.43,3139932,27.45,-0.13,-0.4717
JETS,2025-12-09,27.26,27.68,27.2,27.48,3548100,27.405,0.22,0.80704
JETS,2025-12-10,27.44,28.14,27.42,28.04,3508382,27.76,0.6,2.19
JETS,2025-12-11,28.0,28.41,27.8,28.25,3928703,28.115,0.25,0.89286
JETS,2025-12-12,28.43,28.77,28.24,28.28,4216124,28.43,-0.15,-0.52761
JETS,2025-12-15,28.42,28.66,28.24,28.51,2157666,28.4575,0.09,0.31668
JETS,2025-12-16,28.53,28.97,28.47,28.75,3286440,28.68,0.22,0.77112
JETS,2025-12-17,28.77,29.14,28.27,28.31,4338851,28.6225,-0.46,-1.6
JETS,2025-12-18,28.58,28.86,28.43,28.54,4961635,28.6025,-0.04,-0.13996
JETS,2025-12-19,28.5,28.86,28.45,28.74,4595826,28.6375,0.24,0.84211
JETS,2025-12-22,28.79,29.23,28.7,29.2,2409908,28.98,0.41,1.42
JETS,2025-12-23,29.14,29.18,28.66,28.68,3202621,28.915,-0.46,-1.58
JETS,2025-12-24,28.44,28.61,28.25,28.54,1945816,28.46,0.1,0.35162
JETS,2025-12-26,28.56,28.56,28.3,28.41,2313300,28.4575,-0.15,-0.52521
JETS,2025-12-29,28.19,28.38,27.88,28.05,4239417,28.125,-0.14,-0.49663
JETS,2025-12-30,28.06,28.24,27.98,28.09,2132733,28.0925,0.03,0.10691
JETS,2025-12-31,28.14,28.16,28.01,28.07,2346000,28.095,-0.07,-0.24876
JETS,2026-01-02,28.24,28.5,27.92,28.29,3495700,28.2375,0.05,0.17705
JETS,2026-01-05,28.29,29.21,28.29,29.01,3942000,28.7,0.72,2.55
JETS,2026-01-06,29.03,29.36,28.88,29.15,2630683,29.105,0.12,0.41337
JETS,2026-01-07,29.22,29.43,28.99,29.03,2975172,29.1675,-0.19,-0.65024
JETS,2026-01-08,29.01,29.33,28.95,29.0,2724511,29.0725,-0.01,-0.03447087
JETS,2026-01-09,29.3,29.59,28.95,29.47,2860466,29.3275,0.175,0.5802
JETS,2026-01-12,29.25,29.34,28.98,29.25,3991443,29.205,0.005,0.0
JETS,2026-01-13,28.82,29.24,28.58,28.76,7485400,28.85,-0.06,-0.20819
JETS,2026-01-14,28.6,28.79,27.97,28.4,8075234,28.44,-0.2,-0.6993
JETS,2026-01-15,28.57,29.07,28.5,29.05,7341000,28.7975,0.48,1.68
JETS,2026-01-16,29.02,29.09,28.78,29.01,5591747,28.975,-0.01,-0.03445899
