symbol,date,open,high,low,close,volume,vwap,change,changePercent,exchange,ticker_status,source_name
ULCC,2021-04-01,18.61,19.2,18.26,18.85,10277864,18.74,0.24,1.29,NASDAQ,,Frontier
ULCC,2021-04-05,19.1,19.5,18.9,19.13,3266521,19.14,0.03,0.15707,NASDAQ,,Frontier
ULCC,2021-04-06,19.75,19.92,19.2,19.74,2071997,19.61,-0.01,-0.05063291,NASDAQ,,Frontier
ULCC,2021-04-07,20.0,20.72,19.84,20.58,2765789,20.33,0.58,2.9,NASDAQ,,Frontier
ULCC,2021-04-08,20.8,21.5096,20.66,21.25,5053853,21.13,0.45,2.16,NASDAQ,,Frontier
ULCC,2021-04-09,21.4,21.98,20.17,21.37,1672825,21.22,-0.03,-0.14019,NASDAQ,,Frontier
ULCC,2021-04-12,21.03,21.77,19.88,20.31,796141,20.82,-0.72,-3.42,NASDAQ,,Frontier
ULCC,2021-04-13,20.08,20.5573,18.9,19.68,737539,19.68,-0.4,-1.99,NASDAQ,,Frontier
ULCC,2021-04-14,19.82,21.11,19.77,19.97,601012,20.27,0.15,0.75681,NASDAQ,,Frontier
ULCC,2021-04-15,20.25,20.4,19.8,19.95,367197,20.14,-0.3,-1.48,NASDAQ,,Frontier
ULCC,2021-04-16,19.91,20.25,19.49,20.13,275140,19.85,0.22,1.1,NASDAQ,,Frontier
ULCC,2021-04-19,19.98,20.15,19.57,20.07,297649,19.91,0.09,0.45045,NASDAQ,,Frontier
ULCC,2021-04-20,20.06,20.07,18.9,19.33,614100,19.26,-0.73,-3.64,NASDAQ,,Frontier
ULCC,2021-04-21,19.24,19.92,19.05,19.43,711533,19.39,0.19,0.98753,NASDAQ,,Frontier
ULCC,2021-04-22,19.3884,20.57,19.23,20.51,917374,20.14,1.1216,5.78,NASDAQ,,Frontier
ULCC,2021-04-23,20.28,21.24,20.15,21.17,626485,21.01,0.89,4.39,NASDAQ,,Frontier
ULCC,2021-04-26,21.39,21.97,20.8798,21.02,1640623,21.26,-0.37,-1.73,NASDAQ,,Frontier
ULCC,2021-04-27,21.03,21.31,20.75,20.99,561990,20.91,-0.04,-0.1902,NASDAQ,,Frontier
ULCC,2021-04-28,20.92,21.29,20.68,21.07,256236,21.1,0.15,0.71702,NASDAQ,,Frontier
ULCC,2021-04-29,21.03,22.0,21.03,21.26,645572,21.49,0.23,1.09,NASDAQ,,Frontier
ULCC,2021-04-30,21.22,21.41,20.72,21.04,418804,21.07,-0.18,-0.84826,NASDAQ,,Frontier
ULCC,2021-05-03,21.19,21.19,20.135,20.29,435511,20.52,-0.9,-4.25,NASDAQ,,Frontier
ULCC,2021-05-04,20.25,20.52,19.7,20.12,432946,20.01,-0.13,-0.64198,NASDAQ,,Frontier
ULCC,2021-05-05,20.24,20.45,19.98,20.17,351645,20.18,-0.07,-0.34585,NASDAQ,,Frontier
ULCC,2021-05-06,20.2,20.3792,19.57,20.04,228796,19.95,-0.16,-0.79208,NASDAQ,,Frontier
ULCC,2021-05-07,20.02,20.69,20.01,20.62,378534,20.34,0.6,3.0,NASDAQ,,Frontier
ULCC,2021-05-10,20.61,20.95,20.4,20.75,283355,20.68,0.14,0.67928,NASDAQ,,Frontier
ULCC,2021-05-11,20.12,20.89,19.65,20.65,747534,20.23,0.53,2.63,NASDAQ,,Frontier
ULCC,2021-05-12,20.55,20.67,19.66,19.83,450739,20.02,-0.72,-3.5,NASDAQ,,Frontier
ULCC,2021-05-13,19.75,20.4699,19.21,19.72,283957,19.8,-0.03,-0.1519,NASDAQ,,Frontier
ULCC,2021-05-14,20.1,20.45,20.0,20.2,353512,20.19,0.1,0.49751,NASDAQ,,Frontier
ULCC,2021-05-17,20.21,20.34,19.47,20.13,392808,19.9,-0.08,-0.39584,NASDAQ,,Frontier
ULCC,2021-05-18,20.25,20.31,19.71,19.72,386240,20.08,-0.53,-2.62,NASDAQ,,Frontier
ULCC,2021-05-19,19.55,19.74,18.92,19.0,510693,19.19,-0.55,-2.81,NASDAQ,,Frontier
ULCC,2021-05-20,19.19,19.45,18.6,18.76,332287,18.94,-0.43,-2.24,NASDAQ,,Frontier
ULCC,2021-05-21,19.29,19.45,18.8,18.95,350417,19.11,-0.34,-1.76,NASDAQ,,Frontier
ULCC,2021-05-24,19.19,19.81,18.77,19.43,784063,19.44,0.24,1.25,NASDAQ,,Frontier
ULCC,2021-05-25,19.58,20.2,19.34,19.41,466684,19.8,-0.17,-0.86823,NASDAQ,,Frontier
ULCC,2021-05-26,19.63,19.77,19.22,19.38,249637,19.45,-0.25,-1.27,NASDAQ,,Frontier
ULCC,2021-05-27,19.63,20.77,19.51,20.48,864661,20.3,0.85,4.33,NASDAQ,,Frontier
ULCC,2021-05-28,20.45,21.69,20.45,21.32,1249628,21.3,0.87,4.25,NASDAQ,,Frontier
ULCC,2021-06-01,21.77,22.5,21.715,21.91,732910,22.03,0.14,0.64309,NASDAQ,,Frontier
ULCC,2021-06-02,22.0,22.7,21.53,21.66,638859,22.1,-0.34,-1.55,NASDAQ,,Frontier
ULCC,2021-06-03,21.47,21.65,20.22,20.35,676737,20.67,-1.12,-5.22,NASDAQ,,Frontier
ULCC,2021-06-04,20.47,20.75,19.85,19.86,589476,20.06,-0.61,-2.98,NASDAQ,,Frontier
ULCC,2021-06-07,19.9,21.1,19.9,19.99,833131,20.3,0.09,0.45226,NASDAQ,,Frontier
ULCC,2021-06-08,20.11,20.3479,19.5,20.0,792969,19.83,-0.11,-0.54699,NASDAQ,,Frontier
ULCC,2021-06-09,19.88,19.9999,19.36,19.69,776798,19.61,-0.19,-0.95573,NASDAQ,,Frontier
ULCC,2021-06-10,19.94,19.99,19.16,19.26,642165,19.43,-0.68,-3.41,NASDAQ,,Frontier
ULCC,2021-06-11,19.3,19.59,18.36,18.5,2495329,18.67,-0.8,-4.15,NASDAQ,,Frontier
ULCC,2021-06-14,18.65,19.1761,18.55,18.94,728981,18.84,0.29,1.55,NASDAQ,,Frontier
ULCC,2021-06-15,18.85,19.0288,18.16,18.68,610847,18.5,-0.17,-0.90186,NASDAQ,,Frontier
ULCC,2021-06-16,18.65,18.92,18.345,18.61,464096,18.66,-0.04,-0.21448,NASDAQ,,Frontier
ULCC,2021-06-17,18.5,18.97,18.46,18.68,443580,18.7,0.18,0.97297,NASDAQ,,Frontier
ULCC,2021-06-18,18.6,18.97,18.52,18.86,1908189,18.85,0.26,1.4,NASDAQ,,Frontier
ULCC,2021-06-21,18.99,19.26,18.7,19.1,424342,19.07,0.11,0.57925,NASDAQ,,Frontier
ULCC,2021-06-22,19.11,19.11,18.34,18.36,571751,18.54,-0.75,-3.92,NASDAQ,,Frontier
ULCC,2021-06-23,18.45,18.49,17.7,17.89,704355,18.06,-0.56,-3.04,NASDAQ,,Frontier
ULCC,2021-06-24,18.04,18.23,17.36,17.66,650182,17.66,-0.38,-2.11,NASDAQ,,Frontier
ULCC,2021-06-25,17.6,18.12,17.5,17.8,4990329,17.8,0.2,1.14,NASDAQ,,Frontier
ULCC,2021-06-28,17.97,17.97,17.03,17.23,514062,17.32,-0.74,-4.12,NASDAQ,,Frontier
ULCC,2021-06-29,17.36,17.36,16.45,16.47,745913,16.78,-0.89,-5.13,NASDAQ,,Frontier
ULCC,2021-06-30,16.54,17.15,16.35,17.04,638874,16.92,0.5,3.02,NASDAQ,,Frontier
ULCC,2021-07-01,17.11,17.54,16.81,16.97,682305,17.07,-0.14,-0.81823,NASDAQ,,Frontier
ULCC,2021-07-02,17.08,17.33,16.41,16.56,504257,16.55,-0.52,-3.04,NASDAQ,,Frontier
ULCC,2021-07-06,16.57,16.7634,15.86,16.19,610461,16.1,-0.38,-2.29,NASDAQ,,Frontier
ULCC,2021-07-07,16.25,16.25,15.55,15.66,718800,15.73,-0.59,-3.63,NASDAQ,,Frontier
ULCC,2021-07-08,15.19,15.65,14.8,15.6,1017639,15.29,0.41,2.7,NASDAQ,,Frontier
ULCC,2021-07-09,15.83,16.1788,15.71,15.73,845524,15.92,-0.1,-0.63171,NASDAQ,,Frontier
ULCC,2021-07-12,15.67,15.765,15.09,15.61,554607,15.44,-0.06,-0.3829,NASDAQ,,Frontier
ULCC,2021-07-13,15.62,15.65,15.23,15.38,304938,15.43,-0.24,-1.54,NASDAQ,,Frontier
ULCC,2021-07-14,15.46,15.85,15.0331,15.14,370721,15.29,-0.32,-2.07,NASDAQ,,Frontier
ULCC,2021-07-15,15.06,15.28,14.7,15.18,583523,15.02,0.12,0.79681,NASDAQ,,Frontier
ULCC,2021-07-16,15.32,15.44,14.8,14.9,647368,15.04,-0.42,-2.74,NASDAQ,,Frontier
ULCC,2021-07-19,14.65,14.65,13.71,14.13,1070548,14.13,-0.52,-3.55,NASDAQ,,Frontier
ULCC,2021-07-20,14.18,15.13,14.0,15.03,657832,14.72,0.85,5.99,NASDAQ,,Frontier
ULCC,2021-07-21,15.28,15.91,15.28,15.7,681716,15.7,0.42,2.75,NASDAQ,,Frontier
ULCC,2021-07-22,15.73,15.73,14.94,15.01,489020,15.26,-0.72,-4.58,NASDAQ,,Frontier
ULCC,2021-07-23,15.08,15.25,14.86,15.0,295935,15.02,-0.08,-0.5305,NASDAQ,,Frontier
ULCC,2021-07-26,15.06,15.99,15.0301,15.91,575954,15.52,0.85,5.64,NASDAQ,,Frontier
ULCC,2021-07-27,15.75,15.75,14.98,15.51,586922,15.42,-0.24,-1.52,NASDAQ,,Frontier
ULCC,2021-07-28,15.72,15.75,15.1,15.47,334939,15.4,-0.25,-1.59,NASDAQ,,Frontier
ULCC,2021-07-29,15.61,15.61,15.22,15.39,278602,15.44,-0.22,-1.41,NASDAQ,,Frontier
ULCC,2021-07-30,15.28,15.42,14.65,14.74,384829,14.83,-0.54,-3.53,NASDAQ,,Frontier
ULCC,2021-08-02,14.83,15.68,14.83,15.2,362499,15.32,0.37,2.49,NASDAQ,,Frontier
ULCC,2021-08-03,15.14,15.42,14.98,15.25,374264,15.23,0.11,0.72655,NASDAQ,,Frontier
ULCC,2021-08-04,15.16,15.3553,14.62,14.72,600428,14.78,-0.44,-2.9,NASDAQ,,Frontier
ULCC,2021-08-05,14.79,15.45,14.15,15.25,695337,15.0,0.46,3.11,NASDAQ,,Frontier
ULCC,2021-08-06,15.36,15.37,14.91,15.05,306691,15.07,-0.31,-2.02,NASDAQ,,Frontier
ULCC,2021-08-09,14.98,15.205,14.62,14.86,386548,14.83,-0.12,-0.80107,NASDAQ,,Frontier
ULCC,2021-08-10,14.9,15.62,14.8,15.52,485086,15.33,0.62,4.16,NASDAQ,,Frontier
ULCC,2021-08-11,15.52,15.95,15.3,15.82,520012,15.81,0.3,1.93,NASDAQ,,Frontier
ULCC,2021-08-12,15.75,15.75,15.275,15.6,410731,15.52,-0.15,-0.95238,NASDAQ,,Frontier
ULCC,2021-08-13,15.58,15.64,15.23,15.36,328091,15.37,-0.22,-1.41,NASDAQ,,Frontier
ULCC,2021-08-16,15.21,15.51,15.01,15.3,312688,15.35,0.09,0.59172,NASDAQ,,Frontier
ULCC,2021-08-17,15.13,15.29,14.56,14.87,572248,14.89,-0.26,-1.72,NASDAQ,,Frontier
ULCC,2021-08-18,14.8,15.44,14.66,15.15,415973,15.19,0.35,2.36,NASDAQ,,Frontier
ULCC,2021-08-19,14.95,15.45,14.65,15.35,858573,15.07,0.4,2.68,NASDAQ,,Frontier
ULCC,2021-08-20,15.25,15.73,15.14,15.71,418105,15.52,0.46,3.02,NASDAQ,,Frontier
ULCC,2021-08-23,15.76,16.42,15.76,16.35,389749,16.18,0.59,3.74,NASDAQ,,Frontier
ULCC,2021-08-24,16.47,16.59,15.81,15.87,573990,16.05,-0.6,-3.64,NASDAQ,,Frontier
ULCC,2021-08-25,15.81,16.44,15.6,16.4,350010,16.22,0.59,3.73,NASDAQ,,Frontier
ULCC,2021-08-26,16.33,16.55,16.07,16.24,475995,16.3,-0.09,-0.55113,NASDAQ,,Frontier
ULCC,2021-08-27,16.22,16.32,15.93,16.01,265856,16.09,-0.21,-1.29,NASDAQ,,Frontier
ULCC,2021-08-30,16.18,16.18,15.47,15.53,404143,15.71,-0.65,-4.02,NASDAQ,,Frontier
ULCC,2021-08-31,15.53,15.67,15.1,15.33,500119,15.33,-0.2,-1.29,NASDAQ,,Frontier
ULCC,2021-09-01,15.33,16.04,15.33,15.82,388152,15.79,0.49,3.2,NASDAQ,,Frontier
ULCC,2021-09-02,15.88,16.05,15.57,15.92,306818,15.9,0.04,0.25189,NASDAQ,,Frontier
ULCC,2021-09-03,15.94,15.97,15.52,15.77,212219,15.73,-0.17,-1.07,NASDAQ,,Frontier
ULCC,2021-09-07,15.73,15.86,15.42,15.74,297183,15.69,0.01,0.06357279,NASDAQ,,Frontier
ULCC,2021-09-08,15.65,15.759,15.03,15.18,368509,15.21,-0.47,-3.0,NASDAQ,,Frontier
ULCC,2021-09-09,15.11,15.91,15.03,15.31,373263,15.46,0.2,1.32,NASDAQ,,Frontier
ULCC,2021-09-10,15.34,15.42,14.68,14.7,358089,14.9,-0.64,-4.17,NASDAQ,,Frontier
ULCC,2021-09-13,14.77,15.0,14.5501,14.95,440659,14.84,0.18,1.22,NASDAQ,,Frontier
ULCC,2021-09-14,15.01,15.09,14.34,14.42,385089,14.61,-0.59,-3.93,NASDAQ,,Frontier
ULCC,2021-09-15,14.38,14.77,14.1,14.37,406645,14.39,-0.01,-0.06954103,NASDAQ,,Frontier
ULCC,2021-09-16,14.43,15.01,14.38,14.84,369816,14.83,0.41,2.84,NASDAQ,,Frontier
ULCC,2021-09-17,14.94,15.43,14.84,15.22,1839983,15.2,0.28,1.87,NASDAQ,,Frontier
ULCC,2021-09-20,14.68,15.08,14.51,14.87,491225,14.76,0.19,1.29,NASDAQ,,Frontier
ULCC,2021-09-21,14.88,15.075,14.15,14.16,353257,14.37,-0.72,-4.84,NASDAQ,,Frontier
ULCC,2021-09-22,14.23,14.685,14.23,14.64,367720,14.53,0.41,2.88,NASDAQ,,Frontier
ULCC,2021-09-23,14.69,15.58,14.69,15.5,436463,15.37,0.81,5.51,NASDAQ,,Frontier
ULCC,2021-09-24,15.4,15.89,15.17,15.78,405785,15.68,0.38,2.47,NASDAQ,,Frontier
ULCC,2021-09-27,16.0,16.467,15.87,16.23,440659,16.28,0.23,1.44,NASDAQ,,Frontier
ULCC,2021-09-28,16.26,17.1,16.24,16.72,848179,16.76,0.46,2.83,NASDAQ,,Frontier
ULCC,2021-09-29,16.84,17.16,16.24,16.43,487082,16.56,-0.41,-2.43,NASDAQ,,Frontier
ULCC,2021-09-30,16.15,16.52,15.78,15.79,298301,16.1,-0.36,-2.23,NASDAQ,,Frontier
ULCC,2021-10-01,16.31,16.96,16.31,16.49,1101599,16.57,0.18,1.1,NASDAQ,,Frontier
ULCC,2021-10-04,16.5,16.72,16.06,16.6,377525,16.45,0.1,0.60606,NASDAQ,,Frontier
ULCC,2021-10-05,16.73,17.5,16.55,17.44,450340,17.27,0.71,4.24,NASDAQ,,Frontier
ULCC,2021-10-06,17.02,17.18,16.46,16.72,523550,16.75,-0.3,-1.76,NASDAQ,,Frontier
ULCC,2021-10-07,16.8,16.93,16.41,16.46,224124,16.65,-0.34,-2.02,NASDAQ,,Frontier
ULCC,2021-10-08,16.36,16.61,16.3,16.6,158917,16.52,0.24,1.47,NASDAQ,,Frontier
ULCC,2021-10-11,16.62,16.7,16.36,16.42,176543,16.47,-0.2,-1.2,NASDAQ,,Frontier
ULCC,2021-10-12,16.35,16.87,16.32,16.84,399888,16.77,0.49,3.0,NASDAQ,,Frontier
ULCC,2021-10-13,16.47,16.73,15.995,16.26,413003,16.16,-0.21,-1.28,NASDAQ,,Frontier
ULCC,2021-10-14,16.42,16.71,16.28,16.36,430190,16.52,-0.06,-0.36541,NASDAQ,,Frontier
ULCC,2021-10-15,16.65,16.67,16.24,16.26,180723,16.42,-0.39,-2.34,NASDAQ,,Frontier
ULCC,2021-10-18,16.15,16.44,15.98,16.08,163375,16.15,-0.07,-0.43344,NASDAQ,,Frontier
ULCC,2021-10-19,16.08,16.14,15.8,15.96,342484,15.98,-0.12,-0.74627,NASDAQ,,Frontier
ULCC,2021-10-20,15.92,16.2355,15.83,16.0,346973,16.03,0.08,0.50251,NASDAQ,,Frontier
ULCC,2021-10-21,16.08,16.37,16.01,16.21,200239,16.19,0.13,0.80846,NASDAQ,,Frontier
ULCC,2021-10-22,16.04,16.34,16.0,16.08,254608,16.11,0.04,0.24938,NASDAQ,,Frontier
ULCC,2021-10-25,16.07,16.13,15.615,15.69,397367,15.74,-0.38,-2.36,NASDAQ,,Frontier
ULCC,2021-10-26,15.79,16.07,15.56,16.04,321083,15.87,0.25,1.58,NASDAQ,,Frontier
ULCC,2021-10-27,15.99,16.05,15.46,15.52,302466,15.6,-0.47,-2.94,NASDAQ,,Frontier
ULCC,2021-10-28,15.56,15.93,15.4,15.71,267397,15.73,0.15,0.96401,NASDAQ,,Frontier
ULCC,2021-10-29,15.71,15.83,15.54,15.65,223008,15.64,-0.06,-0.38192,NASDAQ,,Frontier
ULCC,2021-11-01,15.75,16.14,15.59,16.02,316891,15.92,0.27,1.71,NASDAQ,,Frontier
ULCC,2021-11-02,16.03,16.12,15.77,15.89,273912,15.93,-0.14,-0.87336,NASDAQ,,Frontier
ULCC,2021-11-03,15.96,16.59,15.89,16.27,353351,16.36,0.31,1.94,NASDAQ,,Frontier
ULCC,2021-11-04,16.43,16.4657,15.99,16.09,299596,16.13,-0.34,-2.07,NASDAQ,,Frontier
ULCC,2021-11-05,16.52,17.42,16.52,17.16,587390,17.04,0.64,3.87,NASDAQ,,Frontier
ULCC,2021-11-08,17.4998,17.4998,17.14,17.29,367913,17.28,-0.2098,-1.2,NASDAQ,,Frontier
ULCC,2021-11-09,17.2,17.24,16.89,17.22,358355,17.05,0.02,0.11628,NASDAQ,,Frontier
ULCC,2021-11-10,17.05,17.45,16.8,17.01,384523,17.12,-0.04,-0.2346,NASDAQ,,Frontier
ULCC,2021-11-11,17.4,17.418,16.35,16.62,593758,16.64,-0.78,-4.48,NASDAQ,,Frontier
ULCC,2021-11-12,16.56,16.69,16.1,16.3,456140,16.29,-0.26,-1.57,NASDAQ,,Frontier
ULCC,2021-11-15,16.92,17.09,16.54,16.72,442382,16.74,-0.2,-1.18,NASDAQ,,Frontier
ULCC,2021-11-16,16.64,16.64,16.25,16.3,341003,16.39,-0.34,-2.04,NASDAQ,,Frontier
ULCC,2021-11-17,16.25,16.44,16.01,16.41,284170,16.26,0.16,0.98462,NASDAQ,,Frontier
ULCC,2021-11-18,16.5,16.52,15.91,15.99,403099,16.08,-0.51,-3.09,NASDAQ,,Frontier
ULCC,2021-11-19,15.87,15.9,15.47,15.71,407563,15.68,-0.16,-1.01,NASDAQ,,Frontier
ULCC,2021-11-22,15.87,15.93,15.45,15.61,250011,15.66,-0.26,-1.64,NASDAQ,,Frontier
ULCC,2021-11-23,15.66,15.8399,15.08,15.2,487250,15.31,-0.46,-2.94,NASDAQ,,Frontier
ULCC,2021-11-24,15.12,15.25,14.97,15.18,316849,15.13,0.06,0.39683,NASDAQ,,Frontier
ULCC,2021-11-26,14.53,14.53,13.53,14.04,546502,13.89,-0.49,-3.37,NASDAQ,,Frontier
ULCC,2021-11-29,14.39,14.395,13.825,13.93,610876,14.11,-0.46,-3.2,NASDAQ,,Frontier
ULCC,2021-11-30,13.71,13.76,13.23,13.35,1948329,13.39,-0.36,-2.63,NASDAQ,,Frontier
ULCC,2021-12-01,13.8,13.94,12.96,13.01,2471954,13.45,-0.79,-5.72,NASDAQ,,Frontier
ULCC,2021-12-02,13.15,13.86,12.89,13.63,1085236,13.34,0.48,3.65,NASDAQ,,Frontier
ULCC,2021-12-03,13.63,13.97,13.28,13.56,644308,13.63,-0.07,-0.51357,NASDAQ,,Frontier
ULCC,2021-12-06,13.81,14.5652,13.63,13.99,1000321,14.2,0.18,1.3,NASDAQ,,Frontier
ULCC,2021-12-07,14.25,14.308,13.63,13.72,698774,13.98,-0.53,-3.72,NASDAQ,,Frontier
ULCC,2021-12-08,13.85,14.46,13.73,14.26,435934,14.26,0.41,2.96,NASDAQ,,Frontier
ULCC,2021-12-09,13.91,14.1642,13.81,14.08,380476,14.05,0.17,1.22,NASDAQ,,Frontier
ULCC,2021-12-10,14.1,14.11,13.761,14.09,768534,13.91,-0.01,-0.07092199,NASDAQ,,Frontier
ULCC,2021-12-13,13.94,14.07,13.72,13.93,690610,13.86,-0.01,-0.07173601,NASDAQ,,Frontier
ULCC,2021-12-14,13.79,13.979,13.4,13.45,737744,13.6,-0.34,-2.47,NASDAQ,,Frontier
ULCC,2021-12-15,13.38,13.38,13.03,13.24,841289,13.2,-0.14,-1.05,NASDAQ,,Frontier
ULCC,2021-12-16,13.39,13.57,12.84,12.86,898505,13.23,-0.53,-3.96,NASDAQ,,Frontier
ULCC,2021-12-17,12.91,13.75,12.62,13.75,1192468,13.55,0.84,6.51,NASDAQ,,Frontier
ULCC,2021-12-20,13.16,13.715,13.1417,13.65,505555,13.56,0.49,3.72,NASDAQ,,Frontier
ULCC,2021-12-21,13.78,14.34,13.74,14.09,597120,14.08,0.31,2.25,NASDAQ,,Frontier
ULCC,2021-12-22,14.12,14.19,13.94,14.09,413476,14.08,-0.03,-0.21246,NASDAQ,,Frontier
ULCC,2021-12-23,14.26,14.47,13.915,14.29,435337,14.19,0.03,0.21038,NASDAQ,,Frontier
ULCC,2021-12-27,14.09,14.44,13.88,14.2,337371,14.19,0.11,0.7807,NASDAQ,,Frontier
ULCC,2021-12-28,14.14,14.585,14.12,14.17,346479,14.3,0.03,0.21216,NASDAQ,,Frontier
ULCC,2021-12-29,14.07,14.14,13.6,13.68,470160,13.82,-0.39,-2.77,NASDAQ,,Frontier
ULCC,2021-12-30,13.63,13.94,13.58,13.62,324076,13.74,-0.01,-0.07336757,NASDAQ,,Frontier
ULCC,2021-12-31,13.59,13.76,13.51,13.57,411459,13.63,-0.02,-0.14717,NASDAQ,,Frontier
ULCC,2022-01-03,13.73,14.21,13.725,14.11,214585,14.04,0.38,2.77,NASDAQ,,Frontier
ULCC,2022-01-04,14.31,14.44,14.15,14.32,360812,14.26,0.01,0.0698812,NASDAQ,,Frontier
ULCC,2022-01-05,14.33,14.51,13.73,13.78,371766,13.96,-0.55,-3.84,NASDAQ,,Frontier
ULCC,2022-01-06,13.93,13.99,13.58,13.63,271968,13.71,-0.3,-2.15,NASDAQ,,Frontier
ULCC,2022-01-07,14.15,14.34,13.92,14.18,280130,14.14,0.03,0.21201,NASDAQ,,Frontier
ULCC,2022-01-10,14.18,14.26,13.79,14.11,443109,14.04,-0.07,-0.49365,NASDAQ,,Frontier
ULCC,2022-01-11,14.02,14.37,13.98,14.27,326453,14.25,0.25,1.78,NASDAQ,,Frontier
ULCC,2022-01-12,14.3,14.375,14.01,14.13,212879,14.15,-0.17,-1.19,NASDAQ,,Frontier
ULCC,2022-01-13,14.335,14.7,14.15,14.36,345143,14.44,0.025,0.1744,NASDAQ,,Frontier
ULCC,2022-01-14,14.26,14.3831,13.65,13.87,408172,13.89,-0.39,-2.73,NASDAQ,,Frontier
ULCC,2022-01-18,13.73,13.9,13.53,13.62,267355,13.68,-0.11,-0.80117,NASDAQ,,Frontier
ULCC,2022-01-19,13.62,13.67,13.28,13.31,394262,13.43,-0.31,-2.28,NASDAQ,,Frontier
ULCC,2022-01-20,13.43,14.06,13.36,13.55,427411,13.8,0.12,0.89352,NASDAQ,,Frontier
ULCC,2022-01-21,13.45,13.46,13.04,13.06,438976,13.19,-0.39,-2.9,NASDAQ,,Frontier
ULCC,2022-01-24,12.61,12.9,12.231,12.88,576363,12.55,0.27,2.14,NASDAQ,,Frontier
ULCC,2022-01-25,12.65,12.93,12.405,12.71,442275,12.63,0.06,0.47431,NASDAQ,,Frontier
ULCC,2022-01-26,12.85,13.17,12.37,12.49,322486,12.75,-0.36,-2.8,NASDAQ,,Frontier
ULCC,2022-01-27,12.64,12.93,12.159,12.33,424614,12.43,-0.31,-2.45,NASDAQ,,Frontier
ULCC,2022-01-28,12.31,12.44,11.73,12.42,325836,12.09,0.11,0.89358,NASDAQ,,Frontier
ULCC,2022-01-31,12.32,13.08,12.16,13.08,354904,12.89,0.76,6.17,NASDAQ,,Frontier
ULCC,2022-02-01,13.2,13.325,12.97,13.11,262169,13.12,-0.09,-0.68182,NASDAQ,,Frontier
ULCC,2022-02-02,13.14,13.14,12.62,12.81,281535,12.83,-0.33,-2.51,NASDAQ,,Frontier
ULCC,2022-02-03,12.63,12.95,12.52,12.57,187328,12.69,-0.06,-0.47506,NASDAQ,,Frontier
ULCC,2022-02-04,12.53,12.56,12.1182,12.39,290447,12.3,-0.14,-1.12,NASDAQ,,Frontier
ULCC,2022-02-07,12.53,13.02,12.03,12.82,17200972,12.63,0.29,2.31,NASDAQ,,Frontier
ULCC,2022-02-08,12.99,13.6,12.55,13.3,5877310,13.17,0.31,2.39,NASDAQ,,Frontier
ULCC,2022-02-09,13.6,14.57,13.44,14.26,3674569,14.26,0.66,4.85,NASDAQ,,Frontier
ULCC,2022-02-10,14.19,14.74,14.0,14.08,3596470,14.3,-0.11,-0.77519,NASDAQ,,Frontier
ULCC,2022-02-11,14.32,14.54,13.47,13.65,3223356,14.02,-0.67,-4.68,NASDAQ,,Frontier
ULCC,2022-02-14,13.75,14.095,13.42,13.47,1681314,13.67,-0.28,-2.04,NASDAQ,,Frontier
ULCC,2022-02-15,13.9109,14.51,13.9109,14.17,2017096,14.22,0.2591,1.86,NASDAQ,,Frontier
ULCC,2022-02-16,14.1,14.325,13.85,13.85,1213401,14.02,-0.25,-1.77,NASDAQ,,Frontier
ULCC,2022-02-17,13.69,13.71,13.07,13.26,1464811,13.4,-0.43,-3.14,NASDAQ,,Frontier
ULCC,2022-02-18,13.13,13.35,12.79,12.81,1324761,12.98,-0.32,-2.44,NASDAQ,,Frontier
ULCC,2022-02-22,12.55,12.92,12.51,12.61,1262825,12.67,0.06,0.47809,NASDAQ,,Frontier
ULCC,2022-02-23,12.75,12.79,12.24,12.31,1318273,12.41,-0.44,-3.45,NASDAQ,,Frontier
ULCC,2022-02-24,11.555,13.09,11.44,13.02,3088280,12.39,1.465,12.68,NASDAQ,,Frontier
ULCC,2022-02-25,13.15,13.4,12.89,13.01,2156045,13.07,-0.14,-1.06,NASDAQ,,Frontier
ULCC,2022-02-28,12.78,13.18,12.53,12.88,3653930,12.9,0.1,0.78247,NASDAQ,,Frontier
ULCC,2022-03-01,12.9,12.91,12.28,12.52,1490658,12.52,-0.38,-2.95,NASDAQ,,Frontier
ULCC,2022-03-02,12.67,12.96,12.54,12.57,1216856,12.74,-0.1,-0.78927,NASDAQ,,Frontier
ULCC,2022-03-03,12.74,12.8093,12.07,12.28,1259630,12.25,-0.46,-3.61,NASDAQ,,Frontier
ULCC,2022-03-04,12.14,12.14,11.365,11.5,1609287,11.64,-0.64,-5.27,NASDAQ,,Frontier
ULCC,2022-03-07,11.41,11.48,9.61,9.63,3231312,10.2,-1.78,-15.6,NASDAQ,,Frontier
ULCC,2022-03-08,9.75,10.38,9.48,9.96,2425371,9.95,0.21,2.15,NASDAQ,,Frontier
ULCC,2022-03-09,10.41,10.87,10.1701,10.8,2484138,10.63,0.39,3.75,NASDAQ,,Frontier
ULCC,2022-03-10,10.47,11.11,10.4,10.71,1404831,10.75,0.24,2.29,NASDAQ,,Frontier
ULCC,2022-03-11,10.79,11.03,10.31,10.33,3553490,10.51,-0.46,-4.26,NASDAQ,,Frontier
ULCC,2022-03-14,10.49,10.61,10.05,10.24,2492702,10.29,-0.25,-2.38,NASDAQ,,Frontier
ULCC,2022-03-15,10.65,11.47,10.6,11.08,2728320,11.09,0.43,4.04,NASDAQ,,Frontier
ULCC,2022-03-16,11.22,11.71,11.145,11.68,2484499,11.52,0.46,4.1,NASDAQ,,Frontier
ULCC,2022-03-17,11.35,11.61,11.1024,11.36,1985771,11.3,0.01,0.08810573,NASDAQ,,Frontier
ULCC,2022-03-18,11.06,11.92,11.06,11.35,2937966,11.53,0.29,2.62,NASDAQ,,Frontier
ULCC,2022-03-21,11.26,11.34,10.94,11.13,1716077,11.12,-0.13,-1.15,NASDAQ,,Frontier
ULCC,2022-03-22,11.23,11.55,11.17,11.39,1827033,11.38,0.16,1.42,NASDAQ,,Frontier
ULCC,2022-03-23,11.29,11.44,11.13,11.15,1982004,11.23,-0.14,-1.24,NASDAQ,,Frontier
ULCC,2022-03-24,11.35,11.4,10.975,11.27,2821185,11.2,-0.08,-0.70485,NASDAQ,,Frontier
ULCC,2022-03-25,11.25,11.53,11.15,11.31,2305378,11.29,0.06,0.53333,NASDAQ,,Frontier
ULCC,2022-03-28,11.39,11.6,11.235,11.39,1385955,11.41,0.0,0.0,NASDAQ,,Frontier
ULCC,2022-03-29,11.74,12.01,11.6,11.63,1443681,11.79,-0.11,-0.93697,NASDAQ,,Frontier
ULCC,2022-03-30,11.48,11.74,11.375,11.46,1268903,11.59,-0.02,-0.17422,NASDAQ,,Frontier
ULCC,2022-03-31,11.49,11.6938,11.31,11.33,1693680,11.41,-0.16,-1.39,NASDAQ,,Frontier
ULCC,2022-04-01,11.44,11.45,11.12,11.4,2278150,11.29,-0.04,-0.34965,NASDAQ,,Frontier
ULCC,2022-04-04,11.35,11.59,11.196,11.47,1498086,11.45,0.12,1.06,NASDAQ,,Frontier
ULCC,2022-04-05,11.41,12.19,10.96,11.92,8540708,11.6,0.51,4.47,NASDAQ,,Frontier
ULCC,2022-04-06,11.56,11.5894,10.45,10.61,12381651,10.87,-0.95,-8.22,NASDAQ,,Frontier
ULCC,2022-04-07,10.61,11.03,10.42,10.7,4104802,10.72,0.09,0.84826,NASDAQ,,Frontier
ULCC,2022-04-08,10.68,10.96,10.54,10.73,2969516,10.75,0.05,0.46816,NASDAQ,,Frontier
ULCC,2022-04-11,10.6,11.11,10.5233,10.99,3187676,10.95,0.39,3.68,NASDAQ,,Frontier
ULCC,2022-04-12,11.04,11.2,10.76,10.97,2422206,11.05,-0.07,-0.63406,NASDAQ,,Frontier
ULCC,2022-04-13,11.2,11.81,10.995,11.76,3823223,11.52,0.56,5.0,NASDAQ,,Frontier
ULCC,2022-04-14,11.83,12.06,11.52,11.61,1447669,11.73,-0.22,-1.86,NASDAQ,,Frontier
ULCC,2022-04-18,11.41,11.58,11.18,11.26,995307,11.3,-0.15,-1.31,NASDAQ,,Frontier
ULCC,2022-04-19,11.37,11.765,11.27,11.67,1386729,11.63,0.3,2.64,NASDAQ,,Frontier
ULCC,2022-04-20,11.71,11.8,11.42,11.43,1227768,11.6,-0.28,-2.39,NASDAQ,,Frontier
ULCC,2022-04-21,11.95,12.297,11.6603,11.69,2505016,11.89,-0.26,-2.18,NASDAQ,,Frontier
ULCC,2022-04-22,11.71,11.9199,11.2,11.38,1285165,11.4,-0.33,-2.82,NASDAQ,,Frontier
ULCC,2022-04-25,11.25,11.65,11.239,11.31,2119496,11.39,0.06,0.53333,NASDAQ,,Frontier
ULCC,2022-04-26,11.17,11.23,10.51,10.83,2099160,10.81,-0.34,-3.04,NASDAQ,,Frontier
ULCC,2022-04-27,10.78,10.98,10.36,10.45,2489577,10.62,-0.33,-3.06,NASDAQ,,Frontier
ULCC,2022-04-28,10.56,10.67,9.88,10.62,3944031,10.34,0.06,0.56818,NASDAQ,,Frontier
ULCC,2022-04-29,10.75,11.45,10.54,10.61,2791536,10.89,-0.14,-1.3,NASDAQ,,Frontier
ULCC,2022-05-02,10.75,10.76,9.96,10.21,3459783,10.26,-0.54,-5.02,NASDAQ,,Frontier
ULCC,2022-05-03,10.48,10.57,10.0397,10.53,2215559,10.31,0.05,0.4771,NASDAQ,,Frontier
ULCC,2022-05-04,10.49,10.75,10.25,10.67,1744951,10.48,0.18,1.72,NASDAQ,,Frontier
ULCC,2022-05-05,10.43,10.54,10.025,10.18,2412019,10.18,-0.25,-2.4,NASDAQ,,Frontier
ULCC,2022-05-06,10.07,10.07,9.42,9.62,3379444,9.7,-0.45,-4.47,NASDAQ,,Frontier
ULCC,2022-05-09,9.425,9.5188,8.655,8.725,3922344,8.95,-0.7,-7.43,NASDAQ,,Frontier
ULCC,2022-05-10,8.95,9.26,8.635,8.98,2679477,8.95,0.03,0.3352,NASDAQ,,Frontier
ULCC,2022-05-11,8.99,9.16,8.5901,8.63,2134040,8.81,-0.36,-4.0,NASDAQ,,Frontier
ULCC,2022-05-12,8.4,8.685,8.19,8.34,3198167,8.38,-0.06,-0.71429,NASDAQ,,Frontier
ULCC,2022-05-13,8.58,8.885,8.49,8.72,2352872,8.68,0.14,1.63,NASDAQ,,Frontier
ULCC,2022-05-16,8.95,9.405,8.89,9.23,3385299,9.22,0.28,3.13,NASDAQ,,Frontier
ULCC,2022-05-17,9.5,9.755,9.37,9.72,1708032,9.59,0.22,2.32,NASDAQ,,Frontier
ULCC,2022-05-18,9.53,10.01,9.415,9.44,2985059,9.65,-0.09,-0.94439,NASDAQ,,Frontier
ULCC,2022-05-19,9.35,10.055,9.3,9.48,3443441,9.72,0.13,1.39,NASDAQ,,Frontier
ULCC,2022-05-20,9.63,9.74,8.92,9.2,2073285,9.19,-0.43,-4.47,NASDAQ,,Frontier
ULCC,2022-05-23,9.31,9.3706,8.88,9.06,1919597,9.11,-0.25,-2.69,NASDAQ,,Frontier
ULCC,2022-05-24,8.97,9.0,8.63,8.84,1937056,8.83,-0.13,-1.45,NASDAQ,,Frontier
ULCC,2022-05-25,8.76,9.1,8.73,8.92,1803004,8.92,0.16,1.83,NASDAQ,,Frontier
ULCC,2022-05-26,9.03,9.645,9.03,9.52,2131387,9.49,0.49,5.43,NASDAQ,,Frontier
ULCC,2022-05-27,9.86,10.69,9.75,10.455,4002947,10.46,0.595,6.03,NASDAQ,,Frontier
ULCC,2022-05-31,10.11,10.81,10.1,10.75,2857829,10.62,0.64,6.33,NASDAQ,,Frontier
ULCC,2022-06-01,10.93,10.96,10.05,10.18,2780916,10.32,-0.75,-6.86,NASDAQ,,Frontier
ULCC,2022-06-02,10.14,10.4,10.13,10.24,1738924,10.26,0.1,0.98619,NASDAQ,,Frontier
ULCC,2022-06-03,10.05,10.1,9.66,9.81,2810240,9.82,-0.24,-2.39,NASDAQ,,Frontier
ULCC,2022-06-06,9.91,10.305,9.83,10.25,1774379,10.18,0.34,3.43,NASDAQ,,Frontier
ULCC,2022-06-07,10.15,10.53,10.06,10.43,2698328,10.39,0.28,2.76,NASDAQ,,Frontier
ULCC,2022-06-08,10.25,10.42,9.93,10.06,2754250,10.08,-0.19,-1.85,NASDAQ,,Frontier
ULCC,2022-06-09,10.0,10.58,9.99,10.19,3067021,10.35,0.19,1.9,NASDAQ,,Frontier
ULCC,2022-06-10,10.0,10.24,9.55,9.92,14052258,9.91,-0.08,-0.8,NASDAQ,,Frontier
ULCC,2022-06-13,9.5,9.59,9.075,9.2,3503694,9.3,-0.3,-3.16,NASDAQ,,Frontier
ULCC,2022-06-14,9.24,9.39,8.98,9.34,2624960,9.22,0.1,1.08,NASDAQ,,Frontier
ULCC,2022-06-15,9.43,9.89,9.405,9.6,2113116,9.64,0.17,1.8,NASDAQ,,Frontier
ULCC,2022-06-16,9.25,9.35,8.8,8.83,2208426,8.93,-0.42,-4.54,NASDAQ,,Frontier
ULCC,2022-06-17,8.91,9.49,8.7,9.34,3054353,9.25,0.43,4.83,NASDAQ,,Frontier
ULCC,2022-06-21,9.76,9.825,9.35,9.49,3152676,9.56,-0.27,-2.77,NASDAQ,,Frontier
ULCC,2022-06-22,9.39,9.87,9.39,9.82,1796643,9.74,0.43,4.58,NASDAQ,,Frontier
ULCC,2022-06-23,9.9,10.05,9.58,9.89,1823496,9.78,-0.01,-0.10101,NASDAQ,,Frontier
ULCC,2022-06-24,9.91,10.6,9.69,10.54,3490080,10.32,0.63,6.36,NASDAQ,,Frontier
ULCC,2022-06-27,10.3,10.4,9.2,9.36,3985815,9.48,-0.94,-9.13,NASDAQ,,Frontier
ULCC,2022-06-28,9.6,9.83,9.34,9.42,3100837,9.55,-0.18,-1.87,NASDAQ,,Frontier
ULCC,2022-06-29,9.35,9.58,8.965,9.51,2813270,9.32,0.16,1.71,NASDAQ,,Frontier
ULCC,2022-06-30,9.31,9.64,9.19,9.37,5017033,9.45,0.06,0.64447,NASDAQ,,Frontier
ULCC,2022-07-01,9.25,10.17,9.24,10.17,2734033,9.83,0.92,9.95,NASDAQ,,Frontier
ULCC,2022-07-05,10.03,10.81,9.935,10.67,3014111,10.53,0.64,6.38,NASDAQ,,Frontier
ULCC,2022-07-06,10.57,10.765,10.43,10.5,1852673,10.57,-0.07,-0.66225,NASDAQ,,Frontier
ULCC,2022-07-07,10.47,10.75,10.24,10.36,2170392,10.4,-0.11,-1.05,NASDAQ,,Frontier
ULCC,2022-07-08,10.31,10.9994,10.31,10.75,1760317,10.76,0.44,4.27,NASDAQ,,Frontier
ULCC,2022-07-11,10.58,10.84,10.49,10.72,1470592,10.68,0.14,1.32,NASDAQ,,Frontier
ULCC,2022-07-12,10.7,11.325,10.7,11.12,2230212,11.12,0.42,3.93,NASDAQ,,Frontier
ULCC,2022-07-13,10.78,11.195,10.69,11.1,2027034,11.05,0.32,2.97,NASDAQ,,Frontier
ULCC,2022-07-14,11.0,11.115,10.81,10.91,1506599,10.94,-0.09,-0.81818,NASDAQ,,Frontier
ULCC,2022-07-15,11.05,11.185,10.88,11.05,2189221,11.07,0.0,0.0,NASDAQ,,Frontier
ULCC,2022-07-18,11.23,11.2712,10.48,10.54,2436191,10.73,-0.69,-6.14,NASDAQ,,Frontier
ULCC,2022-07-19,10.71,11.1,10.71,11.1,1675185,10.95,0.39,3.64,NASDAQ,,Frontier
ULCC,2022-07-20,11.1,11.41,11.01,11.39,2028821,11.32,0.29,2.61,NASDAQ,,Frontier
ULCC,2022-07-21,11.2,11.315,11.08,11.25,1202875,11.22,0.05,0.44643,NASDAQ,,Frontier
ULCC,2022-07-22,11.42,11.52,11.06,11.12,782896,11.21,-0.3,-2.63,NASDAQ,,Frontier
ULCC,2022-07-25,11.12,11.19,10.9,11.07,691819,11.03,-0.05,-0.44964,NASDAQ,,Frontier
ULCC,2022-07-26,10.88,11.025,10.555,10.59,1469679,10.73,-0.29,-2.67,NASDAQ,,Frontier
ULCC,2022-07-27,10.79,11.38,10.635,11.27,2079369,11.12,0.48,4.45,NASDAQ,,Frontier
ULCC,2022-07-28,10.99,13.67,10.99,13.58,12802326,13.0,2.59,23.57,NASDAQ,,Frontier
ULCC,2022-07-29,13.49,14.8899,13.46,14.48,5881521,14.44,0.99,7.34,NASDAQ,,Frontier
ULCC,2022-08-01,14.305,14.69,13.545,13.99,3332362,13.94,-0.315,-2.2,NASDAQ,,Frontier
ULCC,2022-08-02,13.98,14.38,13.83,13.98,2839031,14.0,0.0,0.0,NASDAQ,,Frontier
ULCC,2022-08-03,14.21,14.74,14.1301,14.44,2386970,14.45,0.23,1.62,NASDAQ,,Frontier
ULCC,2022-08-04,14.44,14.58,14.285,14.29,1642631,14.4,-0.15,-1.04,NASDAQ,,Frontier
ULCC,2022-08-05,14.02,14.56,13.89,14.21,1367610,14.33,0.19,1.36,NASDAQ,,Frontier
ULCC,2022-08-08,14.21,14.56,14.01,14.36,1162612,14.38,0.15,1.06,NASDAQ,,Frontier
ULCC,2022-08-09,14.14,14.36,13.91,13.96,904228,14.01,-0.18,-1.27,NASDAQ,,Frontier
ULCC,2022-08-10,14.42,14.5181,14.05,14.22,1315901,14.25,-0.2,-1.39,NASDAQ,,Frontier
ULCC,2022-08-11,14.5,14.6,14.13,14.15,776685,14.29,-0.35,-2.41,NASDAQ,,Frontier
ULCC,2022-08-12,14.32,14.49,14.18,14.3,1156066,14.36,-0.02,-0.13966,NASDAQ,,Frontier
ULCC,2022-08-15,14.36,15.25,14.29,14.61,1828623,14.78,0.25,1.74,NASDAQ,,Frontier
ULCC,2022-08-16,14.55,14.7,14.08,14.31,1411380,14.33,-0.24,-1.65,NASDAQ,,Frontier
ULCC,2022-08-17,14.04,14.25,13.96,14.02,1320543,14.09,-0.02,-0.14245,NASDAQ,,Frontier
ULCC,2022-08-18,13.96,14.02,13.7,13.82,1134121,13.84,-0.14,-1.0,NASDAQ,,Frontier
ULCC,2022-08-19,13.375,13.56,13.05,13.08,1432120,13.18,-0.295,-2.21,NASDAQ,,Frontier
ULCC,2022-08-22,12.76,12.99,12.575,12.73,1080851,12.74,-0.03,-0.23511,NASDAQ,,Frontier
ULCC,2022-08-23,12.81,12.96,12.65,12.74,760333,12.78,-0.07,-0.54645,NASDAQ,,Frontier
ULCC,2022-08-24,13.18,13.35,13.0028,13.2,1268689,13.23,0.02,0.15175,NASDAQ,,Frontier
ULCC,2022-08-25,13.36,13.46,13.12,13.46,889758,13.34,0.1,0.7485,NASDAQ,,Frontier
ULCC,2022-08-26,13.42,13.46,12.81,12.9,909998,13.0,-0.52,-3.87,NASDAQ,,Frontier
ULCC,2022-08-29,12.75,12.95,12.66,12.71,716597,12.78,-0.04,-0.31373,NASDAQ,,Frontier
ULCC,2022-08-30,12.88,13.22,12.595,13.18,1312200,12.99,0.3,2.33,NASDAQ,,Frontier
ULCC,2022-08-31,13.28,13.32,12.825,12.9,1162711,13.06,-0.38,-2.86,NASDAQ,,Frontier
ULCC,2022-09-01,12.7,12.72,12.26,12.69,974016,12.55,-0.01,-0.07874016,NASDAQ,,Frontier
ULCC,2022-09-02,12.85,12.865,12.42,12.48,706869,12.6,-0.37,-2.88,NASDAQ,,Frontier
ULCC,2022-09-06,12.51,12.67,12.34,12.59,784817,12.54,0.08,0.63949,NASDAQ,,Frontier
ULCC,2022-09-07,12.6,13.39,12.574,13.32,1240483,13.15,0.72,5.71,NASDAQ,,Frontier
ULCC,2022-09-08,12.8,13.0,12.47,12.78,1406203,12.79,-0.02,-0.15625,NASDAQ,,Frontier
ULCC,2022-09-09,12.82,13.095,12.81,12.91,6239389,12.92,0.09,0.70203,NASDAQ,,Frontier
ULCC,2022-09-12,12.98,13.18,12.8,12.98,1182818,12.94,0.0,0.0,NASDAQ,,Frontier
ULCC,2022-09-13,12.42,12.63,12.285,12.39,1010494,12.42,-0.03,-0.24155,NASDAQ,,Frontier
ULCC,2022-09-14,12.32,12.74,12.125,12.73,720008,12.58,0.41,3.33,NASDAQ,,Frontier
ULCC,2022-09-15,12.65,12.83,12.495,12.73,967597,12.69,0.08,0.63241,NASDAQ,,Frontier
ULCC,2022-09-16,12.49,12.56,11.82,11.88,1641189,11.95,-0.61,-4.88,NASDAQ,,Frontier
ULCC,2022-09-19,11.84,12.2092,11.82,12.15,1028124,12.11,0.31,2.62,NASDAQ,,Frontier
ULCC,2022-09-20,12.06,12.09,11.61,11.8,794583,11.79,-0.26,-2.16,NASDAQ,,Frontier
ULCC,2022-09-21,11.76,11.76,11.23,11.25,1541688,11.44,-0.51,-4.34,NASDAQ,,Frontier
ULCC,2022-09-22,11.27,11.27,10.7701,10.81,920359,10.87,-0.46,-4.08,NASDAQ,,Frontier
ULCC,2022-09-23,10.63,10.63,10.055,10.31,1357214,10.28,-0.32,-3.01,NASDAQ,,Frontier
ULCC,2022-09-26,10.24,10.36,9.95,9.96,1170864,10.07,-0.28,-2.73,NASDAQ,,Frontier
ULCC,2022-09-27,10.19,10.45,10.0,10.07,1017369,10.13,-0.12,-1.18,NASDAQ,,Frontier
ULCC,2022-09-28,10.07,10.28,9.915,10.18,1176901,10.13,0.11,1.09,NASDAQ,,Frontier
ULCC,2022-09-29,9.92,9.94,9.63,9.89,1001504,9.82,-0.03,-0.30242,NASDAQ,,Frontier
ULCC,2022-09-30,9.81,10.025,9.69,9.7,715433,9.81,-0.11,-1.12,NASDAQ,,Frontier
ULCC,2022-10-03,9.79,10.03,9.64,9.94,749976,9.91,0.15,1.53,NASDAQ,,Frontier
ULCC,2022-10-04,10.3,10.67,10.3,10.64,803470,10.58,0.34,3.3,NASDAQ,,Frontier
ULCC,2022-10-05,10.37,10.55,10.245,10.52,736122,10.41,0.15,1.45,NASDAQ,,Frontier
ULCC,2022-10-06,10.42,10.59,10.18,10.49,960108,10.44,0.07,0.67179,NASDAQ,,Frontier
ULCC,2022-10-07,10.28,10.335,9.54,9.76,1171492,9.78,-0.52,-5.06,NASDAQ,,Frontier
ULCC,2022-10-10,9.77,9.77,9.515,9.58,783794,9.6,-0.19,-1.94,NASDAQ,,Frontier
ULCC,2022-10-11,9.79,9.95,9.48,9.54,1021198,9.6,-0.25,-2.55,NASDAQ,,Frontier
ULCC,2022-10-12,9.39,9.55,9.23,9.46,969997,9.45,0.07,0.74547,NASDAQ,,Frontier
ULCC,2022-10-13,9.41,9.68,9.18,9.25,1420380,9.4,-0.16,-1.7,NASDAQ,,Frontier
ULCC,2022-10-14,9.47,9.53,8.94,8.94,1281216,9.09,-0.53,-5.6,NASDAQ,,Frontier
ULCC,2022-10-17,9.22,9.5,9.22,9.37,1388193,9.37,0.15,1.63,NASDAQ,,Frontier
ULCC,2022-10-18,9.56,9.68,9.33,9.54,1225833,9.47,-0.02,-0.20921,NASDAQ,,Frontier
ULCC,2022-10-19,9.56,9.675,9.42,9.54,1145194,9.51,-0.02,-0.20921,NASDAQ,,Frontier
ULCC,2022-10-20,9.55,9.77,9.34,9.4,1196638,9.46,-0.15,-1.57,NASDAQ,,Frontier
ULCC,2022-10-21,9.38,9.67,9.32,9.57,1028573,9.54,0.19,2.03,NASDAQ,,Frontier
ULCC,2022-10-24,9.59,9.7,9.48,9.6,1160583,9.6,0.01,0.10428,NASDAQ,,Frontier
ULCC,2022-10-25,9.56,9.93,9.51,9.92,881849,9.79,0.36,3.77,NASDAQ,,Frontier
ULCC,2022-10-26,9.81,10.425,9.67,10.19,1752930,10.18,0.38,3.87,NASDAQ,,Frontier
ULCC,2022-10-27,10.25,11.92,10.18,11.87,2376945,11.56,1.62,15.8,NASDAQ,,Frontier
ULCC,2022-10-28,11.97,12.59,11.87,12.48,1766568,12.35,0.51,4.26,NASDAQ,,Frontier
ULCC,2022-10-31,12.6,13.15,12.42,13.11,1339785,12.95,0.51,4.05,NASDAQ,,Frontier
ULCC,2022-11-01,13.24,13.65,12.97,13.32,1319015,13.36,0.08,0.60423,NASDAQ,,Frontier
ULCC,2022-11-02,13.19,13.49,12.88,13.06,1125459,13.11,-0.13,-0.9856,NASDAQ,,Frontier
ULCC,2022-11-03,12.84,13.01,12.665,12.69,1087781,12.79,-0.15,-1.17,NASDAQ,,Frontier
ULCC,2022-11-04,13.0,13.09,12.535,12.68,1009055,12.76,-0.32,-2.46,NASDAQ,,Frontier
ULCC,2022-11-07,12.89,13.18,12.64,13.14,751192,13.06,0.25,1.94,NASDAQ,,Frontier
ULCC,2022-11-08,13.24,13.24,12.75,12.81,677550,12.96,-0.43,-3.25,NASDAQ,,Frontier
ULCC,2022-11-09,12.595,13.165,12.45,12.83,688546,12.95,0.235,1.87,NASDAQ,,Frontier
ULCC,2022-11-10,13.37,13.58,13.24,13.46,830150,13.45,0.09,0.67315,NASDAQ,,Frontier
ULCC,2022-11-11,13.48,13.9001,13.38,13.59,780520,13.68,0.11,0.81602,NASDAQ,,Frontier
ULCC,2022-11-14,13.65,13.9,13.48,13.54,799091,13.61,-0.11,-0.80586,NASDAQ,,Frontier
ULCC,2022-11-15,13.83,14.34,13.79,13.95,843102,14.08,0.12,0.86768,NASDAQ,,Frontier
ULCC,2022-11-16,14.01,14.11,13.645,13.67,1003507,13.77,-0.34,-2.43,NASDAQ,,Frontier
ULCC,2022-11-17,13.35,13.85,13.1,13.3,707880,13.27,-0.05,-0.37453,NASDAQ,,Frontier
ULCC,2022-11-18,13.73,13.88,13.22,13.24,698059,13.35,-0.49,-3.57,NASDAQ,,Frontier
ULCC,2022-11-21,13.16,13.32,12.95,13.24,706292,13.18,0.08,0.6079,NASDAQ,,Frontier
ULCC,2022-11-22,13.25,13.25,12.96,13.07,575342,13.09,-0.18,-1.36,NASDAQ,,Frontier
ULCC,2022-11-23,13.04,13.385,13.04,13.23,499090,13.25,0.19,1.46,NASDAQ,,Frontier
ULCC,2022-11-25,13.23,13.57,13.2,13.46,314009,13.44,0.23,1.74,NASDAQ,,Frontier
ULCC,2022-11-28,13.29,13.48,12.875,12.9,572792,13.06,-0.39,-2.93,NASDAQ,,Frontier
ULCC,2022-11-29,12.89,13.045,12.84,12.93,644277,12.93,0.04,0.31032,NASDAQ,,Frontier
ULCC,2022-11-30,12.91,13.04,12.5501,13.04,679184,12.87,0.13,1.01,NASDAQ,,Frontier
ULCC,2022-12-01,13.04,13.17,12.92,12.94,505123,13.01,-0.1,-0.76687,NASDAQ,,Frontier
ULCC,2022-12-02,12.75,13.06,12.71,13.03,483940,12.98,0.28,2.2,NASDAQ,,Frontier
ULCC,2022-12-05,13.01,13.25,12.87,13.06,539994,13.03,0.05,0.38432,NASDAQ,,Frontier
ULCC,2022-12-06,13.15,13.1505,12.76,12.89,431311,12.89,-0.26,-1.98,NASDAQ,,Frontier
ULCC,2022-12-07,12.82,12.84,12.175,12.24,1195425,12.31,-0.58,-4.52,NASDAQ,,Frontier
ULCC,2022-12-08,12.33,12.46,12.175,12.34,446458,12.32,0.01,0.081103,NASDAQ,,Frontier
ULCC,2022-12-09,12.19,12.45,12.0421,12.38,1041505,12.36,0.19,1.56,NASDAQ,,Frontier
ULCC,2022-12-12,12.4,12.655,12.24,12.65,657552,12.54,0.25,2.02,NASDAQ,,Frontier
ULCC,2022-12-13,13.07,13.075,12.1,12.21,648838,12.36,-0.86,-6.58,NASDAQ,,Frontier
ULCC,2022-12-14,12.33,12.42,11.825,11.99,631498,12.08,-0.34,-2.76,NASDAQ,,Frontier
ULCC,2022-12-15,11.85,11.98,11.555,11.7,436913,11.72,-0.15,-1.27,NASDAQ,,Frontier
ULCC,2022-12-16,11.55,11.7,11.35,11.39,570039,11.45,-0.16,-1.39,NASDAQ,,Frontier
ULCC,2022-12-19,11.45,11.45,11.07,11.07,371232,11.17,-0.38,-3.32,NASDAQ,,Frontier
ULCC,2022-12-20,11.02,11.15,10.765,10.9,885426,10.88,-0.12,-1.09,NASDAQ,,Frontier
ULCC,2022-12-21,11.05,11.215,10.83,10.9,703175,11.01,-0.15,-1.36,NASDAQ,,Frontier
ULCC,2022-12-22,10.8,10.8,10.42,10.69,450143,10.6,-0.11,-1.02,NASDAQ,,Frontier
ULCC,2022-12-23,10.66,10.7245,10.335,10.45,494065,10.44,-0.21,-1.97,NASDAQ,,Frontier
ULCC,2022-12-27,10.29,10.35,10.02,10.22,476866,10.2,-0.07,-0.68027,NASDAQ,,Frontier
ULCC,2022-12-28,10.2,10.23,9.91,9.93,414300,10.01,-0.27,-2.65,NASDAQ,,Frontier
ULCC,2022-12-29,10.03,10.26,9.94,10.2,609666,10.13,0.17,1.69,NASDAQ,,Frontier
ULCC,2022-12-30,10.07,10.28,9.97,10.27,421081,10.2,0.2,1.99,NASDAQ,,Frontier
ULCC,2023-01-03,10.46,10.51,9.98,10.1,704025,10.11,-0.36,-3.44,NASDAQ,,Frontier
ULCC,2023-01-04,10.25,10.84,10.23,10.72,668922,10.68,0.47,4.59,NASDAQ,,Frontier
ULCC,2023-01-05,10.62,10.655,10.34,10.42,606250,10.47,-0.2,-1.88,NASDAQ,,Frontier
ULCC,2023-01-06,10.56,10.66,10.235,10.43,683324,10.41,-0.13,-1.23,NASDAQ,,Frontier
ULCC,2023-01-09,10.61,10.85,10.49,10.57,840179,10.6,-0.04,-0.377,NASDAQ,,Frontier
ULCC,2023-01-10,10.57,11.055,10.57,11.01,457376,10.88,0.44,4.16,NASDAQ,,Frontier
ULCC,2023-01-11,11.07,11.45,11.04,11.41,686711,11.33,0.34,3.07,NASDAQ,,Frontier
ULCC,2023-01-12,11.63,12.115,11.43,12.07,797742,11.88,0.44,3.78,NASDAQ,,Frontier
ULCC,2023-01-13,11.68,12.29,11.51,12.24,513468,12.12,0.56,4.79,NASDAQ,,Frontier
ULCC,2023-01-17,12.23,12.2718,11.935,12.15,516140,12.08,-0.08,-0.65413,NASDAQ,,Frontier
ULCC,2023-01-18,12.45,12.56,11.99,12.02,551230,12.15,-0.43,-3.45,NASDAQ,,Frontier
ULCC,2023-01-19,11.89,11.99,11.71,11.91,377238,11.88,0.02,0.16821,NASDAQ,,Frontier
ULCC,2023-01-20,12.02,12.25,11.81,12.18,525634,12.13,0.16,1.33,NASDAQ,,Frontier
ULCC,2023-01-23,12.26,12.31,12.07,12.25,441631,12.22,-0.01,-0.08156607,NASDAQ,,Frontier
ULCC,2023-01-24,12.24,12.61,12.2,12.53,438360,12.47,0.29,2.37,NASDAQ,,Frontier
ULCC,2023-01-25,12.48,12.53,12.105,12.38,356736,12.3,-0.1,-0.80128,NASDAQ,,Frontier
ULCC,2023-01-26,12.44,12.51,12.15,12.38,439854,12.3,-0.06,-0.48232,NASDAQ,,Frontier
ULCC,2023-01-27,12.31,12.44,12.205,12.25,313358,12.34,-0.06,-0.48741,NASDAQ,,Frontier
ULCC,2023-01-30,12.12,12.38,12.01,12.24,334669,12.24,0.12,0.9901,NASDAQ,,Frontier
ULCC,2023-01-31,12.32,12.62,12.26,12.58,344480,12.5,0.26,2.11,NASDAQ,,Frontier
ULCC,2023-02-01,12.49,12.925,12.38,12.81,572932,12.68,0.32,2.56,NASDAQ,,Frontier
ULCC,2023-02-02,12.91,13.8,12.8608,13.5,888573,13.38,0.59,4.57,NASDAQ,,Frontier
ULCC,2023-02-03,13.25,14.095,13.24,13.76,826172,13.76,0.51,3.85,NASDAQ,,Frontier
ULCC,2023-02-06,13.57,13.84,13.45,13.75,638492,13.69,0.18,1.33,NASDAQ,,Frontier
ULCC,2023-02-07,13.66,13.9,13.35,13.63,609699,13.64,-0.03,-0.21962,NASDAQ,,Frontier
ULCC,2023-02-08,13.54,14.03,13.52,13.6,772096,13.71,0.06,0.44313,NASDAQ,,Frontier
ULCC,2023-02-09,12.78,13.15,10.92,11.58,4002097,11.48,-1.2,-9.39,NASDAQ,,Frontier
ULCC,2023-02-10,11.42,11.86,11.35,11.6,2187405,11.61,0.18,1.58,NASDAQ,,Frontier
ULCC,2023-02-13,11.58,11.82,11.29,11.38,1808971,11.46,-0.2,-1.73,NASDAQ,,Frontier
ULCC,2023-02-14,11.31,11.845,11.23,11.7,1239469,11.67,0.39,3.45,NASDAQ,,Frontier
ULCC,2023-02-15,11.32,11.6699,11.3,11.47,1420013,11.44,0.15,1.33,NASDAQ,,Frontier
ULCC,2023-02-16,11.36,11.465,11.155,11.19,887862,11.28,-0.17,-1.5,NASDAQ,,Frontier
ULCC,2023-02-17,11.14,11.3,11.01,11.18,775736,11.17,0.04,0.35907,NASDAQ,,Frontier
ULCC,2023-02-21,11.02,11.075,10.84,10.92,1004303,10.95,-0.1,-0.90744,NASDAQ,,Frontier
ULCC,2023-02-22,10.88,10.97,10.5322,10.9,1210319,10.79,0.02,0.18382,NASDAQ,,Frontier
ULCC,2023-02-23,10.96,11.14,10.765,10.96,793845,10.93,0.0,0.0,NASDAQ,,Frontier
ULCC,2023-02-24,10.75,11.12,10.64,11.11,948050,10.99,0.36,3.35,NASDAQ,,Frontier
ULCC,2023-02-27,11.2,11.4675,10.57,11.24,3045974,11.13,0.04,0.35714,NASDAQ,,Frontier
ULCC,2023-02-28,11.22,11.9,11.161,11.76,1816777,11.72,0.54,4.81,NASDAQ,,Frontier
ULCC,2023-03-01,11.77,11.85,11.195,11.29,1599236,11.45,-0.48,-4.08,NASDAQ,,Frontier
ULCC,2023-03-02,11.17,11.39,10.915,11.37,1059057,11.23,0.2,1.79,NASDAQ,,Frontier
ULCC,2023-03-03,11.51,11.72,11.46,11.58,794715,11.6,0.07,0.60817,NASDAQ,,Frontier
ULCC,2023-03-06,11.74,11.86,11.46,11.47,1112468,11.58,-0.27,-2.3,NASDAQ,,Frontier
ULCC,2023-03-07,11.54,11.805,11.43,11.77,952838,11.67,0.23,1.99,NASDAQ,,Frontier
ULCC,2023-03-08,11.8,11.84,11.22,11.75,2220862,11.59,-0.05,-0.42373,NASDAQ,,Frontier
ULCC,2023-03-09,11.75,11.8,11.13,11.14,1141842,11.43,-0.61,-5.19,NASDAQ,,Frontier
ULCC,2023-03-10,11.16,11.22,10.54,10.66,6853761,10.7,-0.5,-4.48,NASDAQ,,Frontier
ULCC,2023-03-13,10.52,10.55,10.185,10.4,1709305,10.37,-0.12,-1.14,NASDAQ,,Frontier
ULCC,2023-03-14,10.53,10.57,9.8048,9.89,1552196,10.03,-0.64,-6.08,NASDAQ,,Frontier
ULCC,2023-03-15,9.59,9.59,9.0,9.16,2175372,9.21,-0.43,-4.48,NASDAQ,,Frontier
ULCC,2023-03-16,8.98,9.475,8.94,9.38,1441621,9.31,0.4,4.45,NASDAQ,,Frontier
ULCC,2023-03-17,9.24,9.4663,9.035,9.11,2634834,9.16,-0.13,-1.41,NASDAQ,,Frontier
ULCC,2023-03-20,9.1,9.27,9.065,9.1,1090833,9.13,0.0,0.0,NASDAQ,,Frontier
ULCC,2023-03-21,9.33,9.49,9.255,9.38,910624,9.39,0.05,0.53591,NASDAQ,,Frontier
ULCC,2023-03-22,9.42,9.42,9.03,9.05,1007592,9.15,-0.37,-3.93,NASDAQ,,Frontier
ULCC,2023-03-23,9.14,9.16,8.74,8.85,1068620,8.91,-0.29,-3.17,NASDAQ,,Frontier
ULCC,2023-03-24,8.75,8.75,8.39,8.66,1392752,8.58,-0.09,-1.03,NASDAQ,,Frontier
ULCC,2023-03-27,8.79,8.8257,8.6521,8.78,933614,8.76,-0.01,-0.11377,NASDAQ,,Frontier
ULCC,2023-03-28,8.76,9.04,8.74,8.98,1908090,8.93,0.22,2.51,NASDAQ,,Frontier
ULCC,2023-03-29,9.25,9.42,9.21,9.38,1598939,9.33,0.13,1.41,NASDAQ,,Frontier
ULCC,2023-03-30,9.55,9.7199,9.41,9.42,1338187,9.47,-0.13,-1.36,NASDAQ,,Frontier
ULCC,2023-03-31,9.52,9.85,9.49,9.84,886564,9.73,0.32,3.36,NASDAQ,,Frontier
ULCC,2023-04-03,9.69,9.76,9.37,9.58,1042658,9.53,-0.11,-1.14,NASDAQ,,Frontier
ULCC,2023-04-04,9.63,9.655,9.4008,9.59,718140,9.54,-0.04,-0.41537,NASDAQ,,Frontier
ULCC,2023-04-05,9.52,9.585,9.2225,9.46,1354681,9.43,-0.06,-0.63025,NASDAQ,,Frontier
ULCC,2023-04-06,9.54,9.56,9.315,9.47,2037651,9.44,-0.07,-0.73375,NASDAQ,,Frontier
ULCC,2023-04-10,9.46,9.85,9.46,9.75,1597686,9.71,0.29,3.07,NASDAQ,,Frontier
ULCC,2023-04-11,9.79,10.07,9.7,9.8,960216,9.87,0.01,0.10215,NASDAQ,,Frontier
ULCC,2023-04-12,9.85,9.87,9.27,9.49,906547,9.49,-0.36,-3.65,NASDAQ,,Frontier
ULCC,2023-04-13,9.58,9.61,9.3,9.49,682774,9.51,-0.09,-0.93946,NASDAQ,,Frontier
ULCC,2023-04-14,9.47,9.48,9.18,9.25,632746,9.27,-0.22,-2.32,NASDAQ,,Frontier
ULCC,2023-04-17,9.31,9.495,9.26,9.47,539567,9.44,0.16,1.72,NASDAQ,,Frontier
ULCC,2023-04-18,9.59,9.59,9.3785,9.5,546299,9.47,-0.09,-0.93848,NASDAQ,,Frontier
ULCC,2023-04-19,9.41,9.77,9.325,9.68,809924,9.61,0.27,2.87,NASDAQ,,Frontier
ULCC,2023-04-20,9.55,9.79,9.47,9.58,653741,9.59,0.03,0.31414,NASDAQ,,Frontier
ULCC,2023-04-21,9.56,9.61,9.42,9.5,522075,9.48,-0.06,-0.62762,NASDAQ,,Frontier
ULCC,2023-04-24,9.53,9.62,9.3102,9.39,474182,9.4,-0.14,-1.47,NASDAQ,,Frontier
ULCC,2023-04-25,9.26,9.35,9.05,9.07,681103,9.13,-0.19,-2.05,NASDAQ,,Frontier
ULCC,2023-04-26,9.06,9.25,8.88,8.9,688363,8.97,-0.16,-1.77,NASDAQ,,Frontier
ULCC,2023-04-27,8.91,9.045,8.8701,8.99,916230,8.98,0.08,0.89787,NASDAQ,,Frontier
ULCC,2023-04-28,9.0,9.57,9.0,9.49,1034696,9.41,0.49,5.44,NASDAQ,,Frontier
ULCC,2023-05-01,9.41,9.61,9.26,9.6,1196812,9.52,0.19,2.02,NASDAQ,,Frontier
ULCC,2023-05-02,9.59,9.6,9.15,9.37,1765447,9.34,-0.22,-2.29,NASDAQ,,Frontier
ULCC,2023-05-03,9.35,9.845,9.3,9.54,1303880,9.64,0.19,2.03,NASDAQ,,Frontier
ULCC,2023-05-04,8.84,8.85,7.61,7.65,4164945,7.9,-1.19,-13.46,NASDAQ,,Frontier
ULCC,2023-05-05,7.78,8.245,7.75,8.09,1620061,8.07,0.31,3.98,NASDAQ,,Frontier
ULCC,2023-05-08,7.85,8.22,7.82,8.1,1428379,8.05,0.25,3.18,NASDAQ,,Frontier
ULCC,2023-05-09,8.06,8.195,7.875,8.15,961931,8.09,0.09,1.12,NASDAQ,,Frontier
ULCC,2023-05-10,8.25,8.25,7.82,8.0,1316081,8.01,-0.25,-3.03,NASDAQ,,Frontier
ULCC,2023-05-11,7.89,7.9601,7.78,7.93,812459,7.89,0.04,0.50697,NASDAQ,,Frontier
ULCC,2023-05-12,7.94,8.05,7.785,7.81,736160,7.85,-0.13,-1.64,NASDAQ,,Frontier
ULCC,2023-05-15,7.84,8.06,7.76,8.03,903847,7.98,0.19,2.42,NASDAQ,,Frontier
ULCC,2023-05-16,8.01,8.052,7.78,7.79,844147,7.88,-0.22,-2.75,NASDAQ,,Frontier
ULCC,2023-05-17,7.88,8.32,7.87,8.19,1122008,8.16,0.31,3.93,NASDAQ,,Frontier
ULCC,2023-05-18,8.16,8.23,7.96,8.04,1351447,8.04,-0.12,-1.47,NASDAQ,,Frontier
ULCC,2023-05-19,8.11,8.11,7.82,7.88,1215701,7.9,-0.23,-2.84,NASDAQ,,Frontier
ULCC,2023-05-22,7.91,7.98,7.74,7.92,1364228,7.89,0.01,0.12642,NASDAQ,,Frontier
ULCC,2023-05-23,7.92,8.26,7.91,7.96,993266,8.04,0.04,0.50505,NASDAQ,,Frontier
ULCC,2023-05-24,7.91,7.95,7.755,7.88,1089629,7.83,-0.03,-0.37927,NASDAQ,,Frontier
ULCC,2023-05-25,7.91,8.11,7.765,7.9,1298340,7.9,-0.01,-0.12642,NASDAQ,,Frontier
ULCC,2023-05-26,7.97,8.41,7.97,8.2,2052839,8.24,0.23,2.89,NASDAQ,,Frontier
ULCC,2023-05-30,8.28,8.41,8.11,8.23,1267744,8.21,-0.05,-0.60386,NASDAQ,,Frontier
ULCC,2023-05-31,8.32,8.45,8.15,8.23,1559118,8.26,-0.09,-1.08,NASDAQ,,Frontier
ULCC,2023-06-01,8.24,8.465,8.22,8.27,1260103,8.31,0.03,0.36408,NASDAQ,,Frontier
ULCC,2023-06-02,8.54,9.27,8.47,9.14,4081080,9.0,0.6,7.03,NASDAQ,,Frontier
ULCC,2023-06-05,9.16,9.175,8.88,9.02,1056558,9.02,-0.14,-1.53,NASDAQ,,Frontier
ULCC,2023-06-06,8.96,9.425,8.93,9.32,918354,9.3,0.36,4.02,NASDAQ,,Frontier
ULCC,2023-06-07,9.36,9.54,9.16,9.24,1182261,9.26,-0.12,-1.28,NASDAQ,,Frontier
ULCC,2023-06-08,9.24,9.35,9.11,9.18,1323202,9.22,-0.06,-0.64935,NASDAQ,,Frontier
ULCC,2023-06-09,9.23,9.52,9.13,9.36,12781341,9.35,0.13,1.41,NASDAQ,,Frontier
ULCC,2023-06-12,9.42,9.719,9.39,9.41,1638374,9.48,-0.01,-0.10616,NASDAQ,,Frontier
ULCC,2023-06-13,9.41,9.95,9.41,9.84,1380540,9.78,0.43,4.57,NASDAQ,,Frontier
ULCC,2023-06-14,9.85,10.22,9.74,9.88,1763180,9.94,0.03,0.30457,NASDAQ,,Frontier
ULCC,2023-06-15,9.8,10.0,9.77,9.82,1346387,9.88,0.02,0.20408,NASDAQ,,Frontier
ULCC,2023-06-16,9.88,9.94,9.69,9.7,1247073,9.75,-0.18,-1.82,NASDAQ,,Frontier
ULCC,2023-06-20,9.65,9.69,9.48,9.57,2065514,9.56,-0.08,-0.82902,NASDAQ,,Frontier
ULCC,2023-06-21,9.54,9.61,9.38,9.45,1054905,9.47,-0.09,-0.9434,NASDAQ,,Frontier
ULCC,2023-06-22,9.36,9.39,9.14,9.39,1560073,9.28,0.03,0.32051,NASDAQ,,Frontier
ULCC,2023-06-23,9.17,9.255,9.07,9.11,1473742,9.13,-0.06,-0.65431,NASDAQ,,Frontier
ULCC,2023-06-26,9.12,9.25,9.01,9.02,1019079,9.09,-0.1,-1.1,NASDAQ,,Frontier
ULCC,2023-06-27,9.06,9.685,9.06,9.57,1264210,9.51,0.51,5.63,NASDAQ,,Frontier
ULCC,2023-06-28,9.66,9.72,9.5,9.59,753247,9.6,-0.07,-0.72464,NASDAQ,,Frontier
ULCC,2023-06-29,9.58,9.655,9.37,9.39,1227511,9.44,-0.19,-1.98,NASDAQ,,Frontier
ULCC,2023-06-30,9.56,9.75,9.445,9.67,984558,9.64,0.11,1.15,NASDAQ,,Frontier
ULCC,2023-07-03,9.67,9.895,9.66,9.83,797828,9.77,0.16,1.65,NASDAQ,,Frontier
ULCC,2023-07-05,9.75,10.0675,9.66,9.94,1095322,9.93,0.19,1.95,NASDAQ,,Frontier
ULCC,2023-07-06,9.82,9.97,9.7,9.94,932653,9.87,0.12,1.22,NASDAQ,,Frontier
ULCC,2023-07-07,9.98,10.57,9.98,10.32,1195447,10.36,0.34,3.41,NASDAQ,,Frontier
ULCC,2023-07-10,10.33,10.54,10.26,10.48,1139192,10.47,0.15,1.45,NASDAQ,,Frontier
ULCC,2023-07-11,10.48,10.57,10.35,10.46,768832,10.46,-0.02,-0.19084,NASDAQ,,Frontier
ULCC,2023-07-12,10.57,10.57,9.97,10.15,1743273,10.15,-0.42,-3.97,NASDAQ,,Frontier
ULCC,2023-07-13,10.4,10.55,9.86,9.87,1575855,10.08,-0.53,-5.1,NASDAQ,,Frontier
ULCC,2023-07-14,9.87,9.91,9.54,9.73,1424801,9.69,-0.14,-1.42,NASDAQ,,Frontier
ULCC,2023-07-17,9.71,9.79,9.54,9.57,1027352,9.64,-0.14,-1.44,NASDAQ,,Frontier
ULCC,2023-07-18,9.57,9.98,9.52,9.93,1339546,9.82,0.36,3.76,NASDAQ,,Frontier
ULCC,2023-07-19,9.95,10.265,9.89,10.2,1542959,10.15,0.25,2.51,NASDAQ,,Frontier
ULCC,2023-07-20,10.14,10.14,9.73,9.95,1616811,9.9,-0.19,-1.87,NASDAQ,,Frontier
ULCC,2023-07-21,10.01,10.09,9.745,9.92,1492997,9.9,-0.09,-0.8991,NASDAQ,,Frontier
ULCC,2023-07-24,9.85,10.01,9.78,9.84,1135229,9.87,-0.01,-0.10152,NASDAQ,,Frontier
ULCC,2023-07-25,9.63,9.64,9.185,9.42,1925910,9.36,-0.21,-2.18,NASDAQ,,Frontier
ULCC,2023-07-26,9.48,9.66,9.34,9.56,1385981,9.48,0.08,0.84388,NASDAQ,,Frontier
ULCC,2023-07-27,9.42,9.42,9.01,9.1,1904703,9.18,-0.32,-3.4,NASDAQ,,Frontier
ULCC,2023-07-28,9.17,9.27,9.09,9.23,1296292,9.19,0.06,0.65431,NASDAQ,,Frontier
ULCC,2023-07-31,9.25,9.5,9.18,9.3,1262398,9.31,0.05,0.54054,NASDAQ,,Frontier
ULCC,2023-08-01,9.15,9.19,8.84,8.96,1977036,8.97,-0.19,-2.08,NASDAQ,,Frontier
ULCC,2023-08-02,8.84,8.84,8.065,8.4,4650157,8.3,-0.44,-4.98,NASDAQ,,Frontier
ULCC,2023-08-03,8.26,8.34,8.08,8.27,1862955,8.25,0.01,0.12107,NASDAQ,,Frontier
ULCC,2023-08-04,8.34,8.45,8.04,8.09,2269448,8.19,-0.25,-3.0,NASDAQ,,Frontier
ULCC,2023-08-07,8.04,8.2,7.85,7.9,2298213,7.95,-0.14,-1.74,NASDAQ,,Frontier
ULCC,2023-08-08,7.75,7.835,7.53,7.78,2089912,7.75,0.03,0.3871,NASDAQ,,Frontier
ULCC,2023-08-09,7.71,7.725,7.47,7.52,1816962,7.56,-0.19,-2.46,NASDAQ,,Frontier
ULCC,2023-08-10,7.59,7.6601,7.5125,7.58,1192363,7.58,-0.01,-0.13175,NASDAQ,,Frontier
ULCC,2023-08-11,7.55,7.55,7.335,7.37,1491862,7.41,-0.18,-2.38,NASDAQ,,Frontier
ULCC,2023-08-14,7.32,7.32,7.15,7.24,1674026,7.22,-0.08,-1.09,NASDAQ,,Frontier
ULCC,2023-08-15,7.16,7.23,7.01,7.11,2145340,7.1,-0.05,-0.69832,NASDAQ,,Frontier
ULCC,2023-08-16,7.12,7.2499,7.025,7.04,1383431,7.1,-0.08,-1.12,NASDAQ,,Frontier
ULCC,2023-08-17,7.04,7.1,6.96,6.99,1639203,7.01,-0.05,-0.71023,NASDAQ,,Frontier
ULCC,2023-08-18,6.95,6.98,6.84,6.91,1617961,6.92,-0.04,-0.57554,NASDAQ,,Frontier
ULCC,2023-08-21,6.92,6.945,6.82,6.83,1940296,6.85,-0.09,-1.3,NASDAQ,,Frontier
ULCC,2023-08-22,6.85,6.92,6.655,6.73,1902128,6.72,-0.12,-1.75,NASDAQ,,Frontier
ULCC,2023-08-23,6.73,6.93,6.65,6.92,2016587,6.82,0.19,2.82,NASDAQ,,Frontier
ULCC,2023-08-24,6.89,7.07,6.6,6.65,1905977,6.7,-0.24,-3.48,NASDAQ,,Frontier
ULCC,2023-08-25,6.67,6.69,6.5,6.57,1724243,6.59,-0.1,-1.5,NASDAQ,,Frontier
ULCC,2023-08-28,6.65,6.7358,6.5288,6.58,1729412,6.6,-0.07,-1.05,NASDAQ,,Frontier
ULCC,2023-08-29,6.57,6.735,6.48,6.68,1767407,6.65,0.11,1.67,NASDAQ,,Frontier
ULCC,2023-08-30,6.68,6.68,6.45,6.46,1679474,6.53,-0.22,-3.29,NASDAQ,,Frontier
ULCC,2023-08-31,6.5,6.52,6.275,6.28,2703939,6.37,-0.22,-3.38,NASDAQ,,Frontier
ULCC,2023-09-01,6.34,6.415,6.245,6.3,2461942,6.29,-0.04,-0.63091,NASDAQ,,Frontier
ULCC,2023-09-05,6.26,6.38,6.105,6.35,2291827,6.29,0.09,1.44,NASDAQ,,Frontier
ULCC,2023-09-06,6.31,6.415,6.15,6.16,2077784,6.21,-0.15,-2.38,NASDAQ,,Frontier
ULCC,2023-09-07,6.1,6.21,6.06,6.11,1677780,6.11,0.01,0.16393,NASDAQ,,Frontier
ULCC,2023-09-08,6.11,6.1209,5.885,5.99,5237276,5.98,-0.12,-1.96,NASDAQ,,Frontier
ULCC,2023-09-11,6.03,6.23,5.81,6.18,3527562,6.07,0.15,2.49,NASDAQ,,Frontier
ULCC,2023-09-12,6.18,6.26,6.095,6.16,1419083,6.19,-0.02,-0.32362,NASDAQ,,Frontier
ULCC,2023-09-13,5.68,5.7347,5.515,5.595,4515541,5.61,-0.085,-1.5,NASDAQ,,Frontier
ULCC,2023-09-14,5.59,5.61,5.31,5.565,3253219,5.48,-0.025,-0.44723,NASDAQ,,Frontier
ULCC,2023-09-15,5.52,5.61,5.42,5.54,3611040,5.53,0.02,0.36232,NASDAQ,,Frontier
ULCC,2023-09-18,5.39,5.4,5.135,5.15,3885109,5.21,-0.24,-4.45,NASDAQ,,Frontier
ULCC,2023-09-19,5.13,5.235,4.96,4.97,3175405,5.05,-0.16,-3.12,NASDAQ,,Frontier
ULCC,2023-09-20,4.98,5.0289,4.78,4.8,2680623,4.88,-0.18,-3.61,NASDAQ,,Frontier
ULCC,2023-09-21,4.58,4.92,4.56,4.84,3254056,4.8,0.26,5.68,NASDAQ,,Frontier
ULCC,2023-09-22,4.83,4.855,4.59,4.69,2947674,4.67,-0.14,-2.9,NASDAQ,,Frontier
ULCC,2023-09-25,4.63,4.79,4.555,4.76,2703371,4.72,0.13,2.81,NASDAQ,,Frontier
ULCC,2023-09-26,4.71,4.845,4.635,4.68,1767778,4.69,-0.03,-0.63694,NASDAQ,,Frontier
ULCC,2023-09-27,4.69,4.76,4.59,4.66,1958375,4.66,-0.03,-0.63966,NASDAQ,,Frontier
ULCC,2023-09-28,4.66,4.9193,4.61,4.83,2589073,4.81,0.17,3.65,NASDAQ,,Frontier
ULCC,2023-09-29,4.87,4.94,4.8,4.84,2078590,4.86,-0.03,-0.61602,NASDAQ,,Frontier
ULCC,2023-10-02,4.83,4.85,4.52,4.57,2469140,4.59,-0.26,-5.38,NASDAQ,,Frontier
ULCC,2023-10-03,4.52,4.63,4.48,4.53,2495675,4.55,0.01,0.22124,NASDAQ,,Frontier
ULCC,2023-10-04,4.57,4.73,4.4899,4.7,1881934,4.65,0.13,2.84,NASDAQ,,Frontier
ULCC,2023-10-05,4.67,4.735,4.575,4.71,1760001,4.65,0.04,0.85653,NASDAQ,,Frontier
ULCC,2023-10-06,4.63,4.81,4.6,4.72,1215219,4.73,0.09,1.94,NASDAQ,,Frontier
ULCC,2023-10-09,4.59,4.615,4.415,4.61,1432614,4.53,0.02,0.43573,NASDAQ,,Frontier
ULCC,2023-10-10,4.69,4.9099,4.69,4.77,2097383,4.8,0.08,1.71,NASDAQ,,Frontier
ULCC,2023-10-11,4.75,4.94,4.64,4.7,1292104,4.71,-0.05,-1.05,NASDAQ,,Frontier
ULCC,2023-10-12,4.74,4.79,4.5398,4.67,2227998,4.66,-0.07,-1.48,NASDAQ,,Frontier
ULCC,2023-10-13,4.65,4.68,4.27,4.47,3497928,4.42,-0.18,-3.87,NASDAQ,,Frontier
ULCC,2023-10-16,4.47,4.65,4.4225,4.63,2014608,4.58,0.16,3.58,NASDAQ,,Frontier
ULCC,2023-10-17,4.61,4.67,4.4805,4.53,1640076,4.56,-0.08,-1.74,NASDAQ,,Frontier
ULCC,2023-10-18,4.44,4.44,4.24,4.35,2600051,4.32,-0.09,-2.03,NASDAQ,,Frontier
ULCC,2023-10-19,4.35,4.455,4.2713,4.29,1849889,4.35,-0.06,-1.38,NASDAQ,,Frontier
ULCC,2023-10-20,4.28,4.3499,4.23,4.23,2120431,4.28,-0.05,-1.17,NASDAQ,,Frontier
ULCC,2023-10-23,4.21,4.26,4.09,4.1,2964811,4.17,-0.11,-2.61,NASDAQ,,Frontier
ULCC,2023-10-24,4.15,4.19,3.84,3.89,3071160,3.93,-0.26,-6.27,NASDAQ,,Frontier
ULCC,2023-10-25,3.87,3.94,3.82,3.84,2661153,3.86,-0.03,-0.77519,NASDAQ,,Frontier
ULCC,2023-10-26,3.9,4.2175,3.835,4.19,3026905,4.08,0.29,7.44,NASDAQ,,Frontier
ULCC,2023-10-27,4.0,4.12,3.77,3.8,2857430,3.86,-0.2,-5.0,NASDAQ,,Frontier
ULCC,2023-10-30,3.81,3.85,3.65,3.655,2141183,3.71,-0.155,-4.07,NASDAQ,,Frontier
ULCC,2023-10-31,3.65,3.65,3.39,3.39,2281873,3.46,-0.26,-7.12,NASDAQ,,Frontier
ULCC,2023-11-01,3.38,3.39,3.19,3.23,2381387,3.26,-0.15,-4.44,NASDAQ,,Frontier
ULCC,2023-11-02,3.31,3.6704,3.3,3.64,2970597,3.57,0.33,9.97,NASDAQ,,Frontier
ULCC,2023-11-03,3.76,4.03,3.76,3.92,2442689,3.92,0.16,4.26,NASDAQ,,Frontier
ULCC,2023-11-06,4.0,4.0099,3.54,3.66,1657156,3.65,-0.34,-8.5,NASDAQ,,Frontier
ULCC,2023-11-07,3.64,3.656,3.47,3.56,1795931,3.55,-0.08,-2.2,NASDAQ,,Frontier
ULCC,2023-11-08,3.58,3.82,3.57,3.75,1663181,3.73,0.17,4.75,NASDAQ,,Frontier
ULCC,2023-11-09,3.76,3.78,3.43,3.47,2050122,3.56,-0.29,-7.71,NASDAQ,,Frontier
ULCC,2023-11-10,3.48,3.65,3.4,3.63,2195085,3.55,0.15,4.31,NASDAQ,,Frontier
ULCC,2023-11-13,3.6,3.69,3.45,3.48,1801661,3.54,-0.12,-3.33,NASDAQ,,Frontier
ULCC,2023-11-14,3.64,4.01,3.62,3.99,2822385,3.83,0.35,9.62,NASDAQ,,Frontier
ULCC,2023-11-15,4.01,4.39,4.01,4.11,2180749,4.17,0.1,2.49,NASDAQ,,Frontier
ULCC,2023-11-16,4.1,4.13,3.8,3.83,1567043,3.86,-0.27,-6.59,NASDAQ,,Frontier
ULCC,2023-11-17,3.89,4.325,3.8,4.24,3587667,4.09,0.35,9.0,NASDAQ,,Frontier
ULCC,2023-11-20,4.18,4.22,3.89,3.96,3875356,3.98,-0.22,-5.26,NASDAQ,,Frontier
ULCC,2023-11-21,3.94,3.99,3.74,3.85,2135883,3.83,-0.09,-2.28,NASDAQ,,Frontier
ULCC,2023-11-22,3.89,4.18,3.875,3.9,2751719,3.99,0.01,0.25707,NASDAQ,,Frontier
ULCC,2023-11-24,3.93,4.0775,3.905,4.04,1134336,4.02,0.11,2.8,NASDAQ,,Frontier
ULCC,2023-11-27,4.01,4.02,3.815,3.86,2824143,3.88,-0.15,-3.74,NASDAQ,,Frontier
ULCC,2023-11-28,3.76,3.96,3.74,3.94,1564344,3.85,0.18,4.79,NASDAQ,,Frontier
ULCC,2023-11-29,3.97,4.24,3.97,4.04,1617784,4.11,0.07,1.76,NASDAQ,,Frontier
ULCC,2023-11-30,4.07,4.1048,3.8687,3.91,1987948,3.94,-0.16,-3.93,NASDAQ,,Frontier
ULCC,2023-12-01,3.89,4.185,3.89,4.16,2579747,4.12,0.27,6.94,NASDAQ,,Frontier
ULCC,2023-12-04,4.3,4.51,4.19,4.43,3196125,4.3575,0.13,3.02,NASDAQ,,Frontier
ULCC,2023-12-05,4.35,4.41,4.17,4.25,2016502,4.295,-0.1,-2.3,NASDAQ,,Frontier
ULCC,2023-12-06,4.3,4.72,4.3,4.53,3075692,4.4625,0.23,5.35,NASDAQ,,Frontier
ULCC,2023-12-07,4.65,5.0,4.63,4.81,4227228,4.7725,0.16,3.44,NASDAQ,,Frontier
ULCC,2023-12-08,4.81,4.81,4.52,4.72,7766733,4.715,-0.09,-1.87,NASDAQ,,Frontier
ULCC,2023-12-11,4.72,4.91,4.58,4.74,2930962,4.7375,0.02,0.42373,NASDAQ,,Frontier
ULCC,2023-12-12,4.69,4.69,4.51,4.62,3375523,4.6275,-0.07,-1.49,NASDAQ,,Frontier
ULCC,2023-12-13,4.62,5.01,4.43,5.01,3811828,4.7675,0.39,8.44,NASDAQ,,Frontier
ULCC,2023-12-14,5.11,5.46,5.1,5.15,5576245,5.205,0.04,0.78278,NASDAQ,,Frontier
ULCC,2023-12-15,5.21,5.21,4.99,5.08,3427309,5.1225,-0.13,-2.5,NASDAQ,,Frontier
ULCC,2023-12-18,5.1,5.18,5.0,5.12,1981662,5.1,0.02,0.39216,NASDAQ,,Frontier
ULCC,2023-12-19,5.2,5.31,5.14,5.18,1741830,5.2075,-0.02,-0.38462,NASDAQ,,Frontier
ULCC,2023-12-20,5.14,5.36,5.05,5.12,2967984,5.1675,-0.02,-0.38911,NASDAQ,,Frontier
ULCC,2023-12-21,5.22,5.44,5.22,5.42,2017594,5.325,0.2,3.83,NASDAQ,,Frontier
ULCC,2023-12-22,5.44,5.63,5.36,5.62,1555810,5.5125,0.18,3.31,NASDAQ,,Frontier
ULCC,2023-12-26,5.61,5.69,5.55,5.62,1870858,5.6175,0.01,0.17825,NASDAQ,,Frontier
ULCC,2023-12-27,5.65,5.71,5.47,5.5,1861511,5.5825,-0.15,-2.65,NASDAQ,,Frontier
ULCC,2023-12-28,5.43,5.86,5.43,5.62,2480634,5.585,0.19,3.5,NASDAQ,,Frontier
ULCC,2023-12-29,5.62,5.62,5.39,5.46,2471258,5.5225,-0.16,-2.85,NASDAQ,,Frontier
ULCC,2024-01-02,5.35,5.45,5.13,5.31,2617586,5.31,-0.04,-0.74766,NASDAQ,,Frontier
ULCC,2024-01-03,5.14,5.16,4.83,4.85,3460073,4.995,-0.29,-5.64,NASDAQ,,Frontier
ULCC,2024-01-04,4.9,5.17,4.79,5.03,2644854,4.9725,0.13,2.65,NASDAQ,,Frontier
ULCC,2024-01-05,4.96,5.21,4.96,5.06,2107686,5.0475,0.1,2.02,NASDAQ,,Frontier
ULCC,2024-01-08,5.0,5.39,4.96,5.23,2531220,5.145,0.23,4.6,NASDAQ,,Frontier
ULCC,2024-01-09,5.05,5.2,5.03,5.14,2473381,5.105,0.09,1.78,NASDAQ,,Frontier
ULCC,2024-01-10,5.17,5.31,5.06,5.2,2339086,5.185,0.03,0.58027,NASDAQ,,Frontier
ULCC,2024-01-11,5.2,5.38,5.14,5.25,2232491,5.2425,0.05,0.96154,NASDAQ,,Frontier
ULCC,2024-01-12,5.15,5.2,4.71,4.72,2788108,4.945,-0.43,-8.35,NASDAQ,,Frontier
ULCC,2024-01-16,4.71,4.73,4.45,4.59,3405346,4.62,-0.12,-2.55,NASDAQ,,Frontier
ULCC,2024-01-17,4.44,4.5,4.14,4.14,2882743,4.305,-0.3,-6.76,NASDAQ,,Frontier
ULCC,2024-01-18,4.18,4.7,4.15,4.69,4916728,4.43,0.51,12.2,NASDAQ,,Frontier
ULCC,2024-01-19,4.73,4.74,4.34,4.59,3628256,4.6,-0.14,-2.96,NASDAQ,,Frontier
ULCC,2024-01-22,4.68,4.81,4.6,4.72,2568663,4.7025,0.04,0.8547,NASDAQ,,Frontier
ULCC,2024-01-23,4.84,5.33,4.84,5.19,3374242,5.05,0.35,7.23,NASDAQ,,Frontier
ULCC,2024-01-24,5.35,5.35,5.15,5.22,1826776,5.2675,-0.13,-2.43,NASDAQ,,Frontier
ULCC,2024-01-25,5.43,5.66,5.3,5.38,2505432,5.4425,-0.05,-0.92081,NASDAQ,,Frontier
ULCC,2024-01-26,5.42,5.45,5.2,5.34,2648788,5.3525,-0.08,-1.48,NASDAQ,,Frontier
ULCC,2024-01-29,5.34,5.5,5.14,5.49,2181496,5.3675,0.15,2.81,NASDAQ,,Frontier
ULCC,2024-01-30,5.37,5.46,5.02,5.03,2772615,5.22,-0.34,-6.33,NASDAQ,,Frontier
ULCC,2024-01-31,4.98,5.13,4.82,4.87,2859473,4.95,-0.11,-2.21,NASDAQ,,Frontier
ULCC,2024-02-01,4.95,5.32,4.82,5.31,3220836,5.1,0.36,7.27,NASDAQ,,Frontier
ULCC,2024-02-02,5.26,5.41,5.1,5.4,2680819,5.2925,0.14,2.66,NASDAQ,,Frontier
ULCC,2024-02-05,5.35,5.43,5.13,5.15,3863086,5.265,-0.2,-3.74,NASDAQ,,Frontier
ULCC,2024-02-06,5.5,6.39,5.43,6.22,7199220,5.885,0.72,13.09,NASDAQ,,Frontier
ULCC,2024-02-07,6.5,7.17,6.43,6.89,6898928,6.7475,0.39,6.0,NASDAQ,,Frontier
ULCC,2024-02-08,6.95,7.35,6.82,7.32,4100838,7.11,0.37,5.32,NASDAQ,,Frontier
ULCC,2024-02-09,7.42,7.58,7.24,7.57,3066020,7.4525,0.15,2.02,NASDAQ,,Frontier
ULCC,2024-02-12,7.56,7.97,7.55,7.88,2653273,7.74,0.32,4.23,NASDAQ,,Frontier
ULCC,2024-02-13,7.57,7.78,7.22,7.48,3211479,7.5125,-0.09,-1.19,NASDAQ,,Frontier
ULCC,2024-02-14,7.69,7.76,7.53,7.64,2601430,7.655,-0.05,-0.6502,NASDAQ,,Frontier
ULCC,2024-02-15,7.76,7.83,7.54,7.72,1920860,7.7125,-0.04,-0.51546,NASDAQ,,Frontier
ULCC,2024-02-16,7.52,8.05,7.41,7.98,2144089,7.74,0.458,6.12,NASDAQ,,Frontier
ULCC,2024-02-20,7.83,8.03,7.49,7.65,2088175,7.75,-0.18,-2.3,NASDAQ,,Frontier
ULCC,2024-02-21,7.59,7.63,7.24,7.3,1828037,7.44,-0.29,-3.82,NASDAQ,,Frontier
ULCC,2024-02-22,7.33,7.54,7.25,7.26,2163978,7.345,-0.07,-0.95498,NASDAQ,,Frontier
ULCC,2024-02-23,7.21,7.21,6.96,7.1,1520553,7.12,-0.11,-1.53,NASDAQ,,Frontier
ULCC,2024-02-26,7.09,7.26,6.99,7.04,1443797,7.095,-0.05,-0.70522,NASDAQ,,Frontier
ULCC,2024-02-27,7.21,7.29,7.06,7.15,1366955,7.1775,-0.058,-0.83218,NASDAQ,,Frontier
ULCC,2024-02-28,7.01,7.18,6.93,7.04,1196866,7.04,0.03,0.42796,NASDAQ,,Frontier
ULCC,2024-02-29,7.06,7.18,6.82,6.94,1490483,7.0,-0.12,-1.7,NASDAQ,,Frontier
ULCC,2024-03-01,6.97,6.97,6.76,6.89,1252886,6.8975,-0.08,-1.15,NASDAQ,,Frontier
ULCC,2024-03-04,6.9,7.72,6.9,7.65,3658106,7.2925,0.75,10.87,NASDAQ,,Frontier
ULCC,2024-03-05,7.45,7.99,7.43,7.97,3099896,7.71,0.52,6.98,NASDAQ,,Frontier
ULCC,2024-03-06,8.13,8.33,8.01,8.13,2638032,8.15,0.0,0.0,NASDAQ,,Frontier
ULCC,2024-03-07,8.14,8.24,7.49,7.51,2499805,7.845,-0.63,-7.74,NASDAQ,,Frontier
ULCC,2024-03-08,7.6,7.74,7.25,7.38,5995652,7.4925,-0.22,-2.89,NASDAQ,,Frontier
ULCC,2024-03-11,7.4,7.62,7.21,7.36,1910765,7.3975,-0.04,-0.54054,NASDAQ,,Frontier
ULCC,2024-03-12,7.27,7.51,7.1,7.5,1796689,7.345,0.23,3.16,NASDAQ,,Frontier
ULCC,2024-03-13,7.41,7.76,7.37,7.61,1342145,7.5375,0.2,2.7,NASDAQ,,Frontier
ULCC,2024-03-14,7.59,7.69,7.25,7.4,1150633,7.4825,-0.19,-2.5,NASDAQ,,Frontier
ULCC,2024-03-15,7.4,7.6,7.31,7.45,1610915,7.44,0.05,0.67568,NASDAQ,,Frontier
ULCC,2024-03-18,7.42,7.44,7.23,7.28,1209307,7.3425,-0.14,-1.89,NASDAQ,,Frontier
ULCC,2024-03-19,7.16,7.32,6.95,7.0,1480458,7.1075,-0.16,-2.23,NASDAQ,,Frontier
ULCC,2024-03-20,6.89,7.3,6.72,7.22,1199687,7.0325,0.33,4.79,NASDAQ,,Frontier
ULCC,2024-03-21,7.25,7.28,7.02,7.22,1182817,7.1925,-0.03,-0.41379,NASDAQ,,Frontier
ULCC,2024-03-22,7.19,7.23,6.93,6.94,1117500,7.0725,-0.25,-3.48,NASDAQ,,Frontier
ULCC,2024-03-25,6.97,7.9,6.96,7.66,2999712,7.3725,0.69,9.9,NASDAQ,,Frontier
ULCC,2024-03-26,7.7,7.88,7.55,7.64,1536931,7.6925,-0.06,-0.77922,NASDAQ,,Frontier
ULCC,2024-03-27,7.69,7.96,7.57,7.96,1097088,7.795,0.27,3.51,NASDAQ,,Frontier
ULCC,2024-03-28,7.98,8.29,7.98,8.11,1592741,8.09,0.13,1.63,NASDAQ,,Frontier
ULCC,2024-04-01,8.22,8.22,7.15,7.19,2892154,7.695,-1.03,-12.53,NASDAQ,,Frontier
ULCC,2024-04-02,7.06,7.53,7.01,7.47,1961043,7.2675,0.41,5.81,NASDAQ,,Frontier
ULCC,2024-04-03,7.37,7.43,7.05,7.15,1568639,7.25,-0.22,-2.99,NASDAQ,,Frontier
ULCC,2024-04-04,7.3,7.59,7.14,7.17,1800890,7.3,-0.13,-1.78,NASDAQ,,Frontier
ULCC,2024-04-05,7.18,7.25,7.02,7.13,966014,7.145,-0.05,-0.69638,NASDAQ,,Frontier
ULCC,2024-04-08,7.21,7.52,7.18,7.38,1255863,7.3225,0.17,2.36,NASDAQ,,Frontier
ULCC,2024-04-09,7.47,7.48,7.29,7.35,1118270,7.3975,-0.12,-1.61,NASDAQ,,Frontier
ULCC,2024-04-10,7.24,7.43,6.91,6.94,1740136,7.13,-0.3,-4.14,NASDAQ,,Frontier
ULCC,2024-04-11,6.88,7.16,6.73,7.08,1415473,6.9625,0.2,2.91,NASDAQ,,Frontier
ULCC,2024-04-12,6.94,6.96,6.6,6.72,1520723,6.805,-0.22,-3.17,NASDAQ,,Frontier
ULCC,2024-04-15,6.72,6.89,6.63,6.76,1285010,6.75,0.04,0.59524,NASDAQ,,Frontier
ULCC,2024-04-16,6.67,6.67,6.36,6.5,1373747,6.55,-0.17,-2.55,NASDAQ,,Frontier
ULCC,2024-04-17,6.69,7.0,6.69,6.9,1365019,6.82,0.21,3.14,NASDAQ,,Frontier
ULCC,2024-04-18,6.95,7.21,6.94,7.01,1618054,7.0275,0.06,0.86331,NASDAQ,,Frontier
ULCC,2024-04-19,6.9,7.11,6.9,6.96,1107537,6.9675,0.06,0.86957,NASDAQ,,Frontier
ULCC,2024-04-22,7.0,7.12,6.7,7.11,1933215,6.9825,0.11,1.57,NASDAQ,,Frontier
ULCC,2024-04-23,6.9,6.95,6.7,6.72,1569665,6.8175,-0.18,-2.61,NASDAQ,,Frontier
ULCC,2024-04-24,6.69,6.69,6.32,6.36,1657493,6.515,-0.33,-4.93,NASDAQ,,Frontier
ULCC,2024-04-25,6.19,6.26,5.96,6.25,1508940,6.165,0.06,0.96931,NASDAQ,,Frontier
ULCC,2024-04-26,6.25,6.28,6.02,6.12,1376791,6.1675,-0.13,-2.08,NASDAQ,,Frontier
ULCC,2024-04-29,6.14,6.25,6.04,6.21,1765948,6.16,0.07,1.14,NASDAQ,,Frontier
ULCC,2024-04-30,6.06,6.17,5.98,6.04,1353727,6.0625,-0.02,-0.33003,NASDAQ,,Frontier
ULCC,2024-05-01,6.02,6.07,5.8,5.84,2179890,5.9325,-0.18,-2.99,NASDAQ,,Frontier
ULCC,2024-05-02,6.64,6.65,5.75,5.94,2711393,6.245,-0.7,-10.54,NASDAQ,,Frontier
ULCC,2024-05-03,5.95,6.09,5.75,5.76,2173985,5.8875,-0.19,-3.19,NASDAQ,,Frontier
ULCC,2024-05-06,5.84,6.11,5.67,6.1,1993743,5.93,0.26,4.45,NASDAQ,,Frontier
ULCC,2024-05-07,6.1,6.1,5.95,6.0,1077539,6.0375,-0.1,-1.64,NASDAQ,,Frontier
ULCC,2024-05-08,5.91,6.09,5.8,6.02,1696218,5.955,0.11,1.86,NASDAQ,,Frontier
ULCC,2024-05-09,6.0,6.08,5.85,5.93,1272431,5.965,-0.07,-1.17,NASDAQ,,Frontier
ULCC,2024-05-10,5.94,5.96,5.84,5.89,992995,5.9075,-0.05,-0.84175,NASDAQ,,Frontier
ULCC,2024-05-13,5.94,6.24,5.92,6.09,1755607,6.0475,0.15,2.53,NASDAQ,,Frontier
ULCC,2024-05-14,6.25,6.48,6.23,6.25,1078037,6.3025,0.0,0.0,NASDAQ,,Frontier
ULCC,2024-05-15,6.32,6.35,6.05,6.1,863249,6.205,-0.22,-3.48,NASDAQ,,Frontier
ULCC,2024-05-16,6.11,6.21,5.97,6.03,1407053,6.08,-0.08,-1.31,NASDAQ,,Frontier
ULCC,2024-05-17,6.09,6.1,5.88,5.92,1689716,5.9975,-0.17,-2.79,NASDAQ,,Frontier
ULCC,2024-05-20,5.86,6.13,5.8,6.1,1916412,5.9725,0.24,4.1,NASDAQ,,Frontier
ULCC,2024-05-21,6.03,6.03,5.64,5.65,1694447,5.8375,-0.38,-6.3,NASDAQ,,Frontier
ULCC,2024-05-22,5.64,5.8,5.58,5.7,1198537,5.68,0.06,1.06,NASDAQ,,Frontier
ULCC,2024-05-23,5.74,5.74,5.5,5.61,1243136,5.6475,-0.13,-2.26,NASDAQ,,Frontier
ULCC,2024-05-24,5.68,5.74,5.56,5.71,985168,5.6725,0.03,0.52817,NASDAQ,,Frontier
ULCC,2024-05-28,5.44,5.55,5.13,5.32,2411240,5.36,-0.12,-2.21,NASDAQ,,Frontier
ULCC,2024-05-29,5.15,5.28,5.08,5.26,1887590,5.1925,0.11,2.14,NASDAQ,,Frontier
ULCC,2024-05-30,5.25,5.3,5.15,5.24,1454870,5.235,-0.01,-0.19048,NASDAQ,,Frontier
ULCC,2024-05-31,5.3,5.49,5.27,5.47,1465209,5.3825,0.17,3.21,NASDAQ,,Frontier
ULCC,2024-06-03,5.52,5.6,5.26,5.45,1633671,5.4575,-0.07,-1.27,NASDAQ,,Frontier
ULCC,2024-06-04,5.41,5.58,5.38,5.44,1091305,5.4525,0.03,0.55453,NASDAQ,,Frontier
ULCC,2024-06-05,5.49,5.53,5.41,5.51,1128225,5.485,0.02,0.3643,NASDAQ,,Frontier
ULCC,2024-06-06,5.49,5.53,5.39,5.43,732268,5.46,-0.06,-1.09,NASDAQ,,Frontier
ULCC,2024-06-07,5.34,5.86,5.32,5.41,3116137,5.4825,0.07,1.31,NASDAQ,,Frontier
ULCC,2024-06-10,5.36,5.46,5.31,5.44,1040853,5.3925,0.08,1.49,NASDAQ,,Frontier
ULCC,2024-06-11,5.44,5.44,5.26,5.26,779312,5.35,-0.18,-3.31,NASDAQ,,Frontier
ULCC,2024-06-12,5.43,5.56,5.33,5.33,1059162,5.4125,-0.1,-1.84,NASDAQ,,Frontier
ULCC,2024-06-13,5.33,5.34,5.19,5.29,1457497,5.2875,-0.04,-0.75047,NASDAQ,,Frontier
ULCC,2024-06-14,5.18,5.24,5.05,5.18,3853527,5.1625,0.0,0.0,NASDAQ,,Frontier
ULCC,2024-06-17,5.17,5.45,5.12,5.41,1788508,5.2875,0.24,4.64,NASDAQ,,Frontier
ULCC,2024-06-18,5.41,5.51,5.32,5.32,1298764,5.39,-0.09,-1.66,NASDAQ,,Frontier
ULCC,2024-06-20,5.3,5.42,5.16,5.16,1292336,5.26,-0.14,-2.64,NASDAQ,,Frontier
ULCC,2024-06-21,5.14,5.22,5.11,5.16,1402954,5.1575,0.02,0.38911,NASDAQ,,Frontier
ULCC,2024-06-24,5.14,5.25,5.09,5.15,2190020,5.1575,0.01,0.19455,NASDAQ,,Frontier
ULCC,2024-06-25,5.14,5.14,4.68,4.74,2145647,4.925,-0.4,-7.78,NASDAQ,,Frontier
ULCC,2024-06-26,4.67,4.72,4.51,4.7,1714878,4.65,0.03,0.6424,NASDAQ,,Frontier
ULCC,2024-06-27,4.7,4.85,4.62,4.79,1666534,4.74,0.09,1.91,NASDAQ,,Frontier
ULCC,2024-06-28,4.8,4.95,4.74,4.93,2106556,4.855,0.13,2.71,NASDAQ,,Frontier
ULCC,2024-07-01,4.89,4.96,4.64,4.77,1841701,4.815,-0.12,-2.45,NASDAQ,,Frontier
ULCC,2024-07-02,4.81,4.91,4.67,4.79,1510477,4.795,-0.02,-0.4158,NASDAQ,,Frontier
ULCC,2024-07-03,4.8,4.94,4.77,4.86,469041,4.8425,0.06,1.25,NASDAQ,,Frontier
ULCC,2024-07-05,4.71,4.75,4.49,4.53,1507488,4.62,-0.18,-3.82,NASDAQ,,Frontier
ULCC,2024-07-08,4.49,4.55,4.3,4.31,1249491,4.4125,-0.18,-4.01,NASDAQ,,Frontier
ULCC,2024-07-09,4.31,4.33,4.2,4.2,1010331,4.26,-0.11,-2.55,NASDAQ,,Frontier
ULCC,2024-07-10,4.27,4.27,4.16,4.17,1395150,4.2175,-0.1,-2.34,NASDAQ,,Frontier
ULCC,2024-07-11,4.18,4.4,4.08,4.32,1740709,4.245,0.14,3.35,NASDAQ,,Frontier
ULCC,2024-07-12,4.34,4.39,4.2,4.25,1211825,4.295,-0.09,-2.07,NASDAQ,,Frontier
ULCC,2024-07-15,4.27,4.31,4.18,4.27,1502016,4.2575,0.0,0.0,NASDAQ,,Frontier
ULCC,2024-07-16,4.24,4.39,4.13,4.3,1853052,4.265,0.06,1.42,NASDAQ,,Frontier
ULCC,2024-07-17,4.21,4.25,3.98,3.99,2315752,4.1075,-0.22,-5.23,NASDAQ,,Frontier
ULCC,2024-07-18,4.0,4.01,3.64,3.69,2952195,3.835,-0.31,-7.75,NASDAQ,,Frontier
ULCC,2024-07-19,3.71,3.71,3.53,3.61,1872047,3.64,-0.1,-2.7,NASDAQ,,Frontier
ULCC,2024-07-22,3.6,3.8,3.55,3.76,1581598,3.6775,0.16,4.44,NASDAQ,,Frontier
ULCC,2024-07-23,3.72,3.85,3.7,3.76,1509918,3.7575,0.04,1.08,NASDAQ,,Frontier
ULCC,2024-07-24,3.73,3.8,3.65,3.67,1203179,3.7125,-0.06,-1.61,NASDAQ,,Frontier
ULCC,2024-07-25,3.65,4.03,3.63,4.02,2279339,3.8325,0.37,10.14,NASDAQ,,Frontier
ULCC,2024-07-26,4.1,4.1,3.87,4.06,1459040,4.0325,-0.04,-0.97561,NASDAQ,,Frontier
ULCC,2024-07-29,4.06,4.08,3.86,3.87,1188530,3.9675,-0.19,-4.68,NASDAQ,,Frontier
ULCC,2024-07-30,3.69,4.25,3.69,3.98,3081004,3.9025,0.29,7.86,NASDAQ,,Frontier
ULCC,2024-07-31,4.02,4.12,3.86,3.94,1358510,3.985,-0.08,-1.99,NASDAQ,,Frontier
ULCC,2024-08-01,3.95,4.04,3.66,3.74,1878500,3.8475,-0.21,-5.32,NASDAQ,,Frontier
ULCC,2024-08-02,3.67,3.67,3.38,3.39,2538422,3.5275,-0.28,-7.63,NASDAQ,,Frontier
ULCC,2024-08-05,3.2,3.32,3.09,3.14,2266200,3.1875,-0.06,-1.88,NASDAQ,,Frontier
ULCC,2024-08-06,3.17,3.26,3.07,3.16,2232724,3.165,-0.01,-0.31546,NASDAQ,,Frontier
ULCC,2024-08-07,3.21,3.29,3.05,3.09,1747800,3.16,-0.12,-3.74,NASDAQ,,Frontier
ULCC,2024-08-08,3.07,3.2,2.97,3.18,2789060,3.105,0.11,3.58,NASDAQ,,Frontier
ULCC,2024-08-09,3.2,3.22,3.11,3.11,1387138,3.16,-0.09,-2.81,NASDAQ,,Frontier
ULCC,2024-08-12,3.08,3.1,2.82,2.84,5039500,2.96,-0.24,-7.79,NASDAQ,,Frontier
ULCC,2024-08-13,2.84,3.08,2.79,3.06,1924847,2.9425,0.22,7.75,NASDAQ,,Frontier
ULCC,2024-08-14,3.09,3.13,2.98,3.13,1763600,3.0825,0.04,1.29,NASDAQ,,Frontier
ULCC,2024-08-15,3.2,3.42,3.2,3.4,2364903,3.305,0.2,6.25,NASDAQ,,Frontier
ULCC,2024-08-16,3.34,3.48,3.34,3.39,1911000,3.3875,0.05,1.5,NASDAQ,,Frontier
ULCC,2024-08-19,3.37,3.51,3.27,3.5,2282214,3.4125,0.13,3.86,NASDAQ,,Frontier
ULCC,2024-08-20,3.5,3.51,3.4,3.47,805144,3.47,-0.03,-0.85714,NASDAQ,,Frontier
ULCC,2024-08-21,3.5,3.55,3.45,3.5,804148,3.5,0.0,0.0,NASDAQ,,Frontier
ULCC,2024-08-22,3.52,3.52,3.34,3.37,948906,3.4375,-0.15,-4.26,NASDAQ,,Frontier
ULCC,2024-08-23,3.38,3.53,3.37,3.45,1070700,3.4325,0.07,2.07,NASDAQ,,Frontier
ULCC,2024-08-26,3.48,3.51,3.39,3.44,1156600,3.455,-0.04,-1.15,NASDAQ,,Frontier
ULCC,2024-08-27,3.43,3.57,3.39,3.48,1025621,3.4675,0.05,1.46,NASDAQ,,Frontier
ULCC,2024-08-28,3.45,3.49,3.37,3.43,820700,3.435,-0.02,-0.57971,NASDAQ,,Frontier
ULCC,2024-08-29,3.47,3.64,3.44,3.52,1666042,3.5175,0.05,1.44,NASDAQ,,Frontier
ULCC,2024-08-30,3.57,3.66,3.55,3.63,1113224,3.6025,0.06,1.68,NASDAQ,,Frontier
ULCC,2024-09-03,3.56,3.7,3.53,3.56,1672300,3.5875,0.0,0.0,NASDAQ,,Frontier
ULCC,2024-09-04,3.56,3.75,3.56,3.64,1537036,3.6275,0.08,2.25,NASDAQ,,Frontier
ULCC,2024-09-05,3.71,3.99,3.71,3.85,1763000,3.815,0.14,3.77,NASDAQ,,Frontier
ULCC,2024-09-06,3.88,3.97,3.7,3.74,1331303,3.8225,-0.14,-3.61,NASDAQ,,Frontier
ULCC,2024-09-09,3.78,4.13,3.78,3.99,1749419,3.92,0.21,5.56,NASDAQ,,Frontier
ULCC,2024-09-10,3.99,4.03,3.77,3.94,1470529,3.9325,-0.05,-1.25,NASDAQ,,Frontier
ULCC,2024-09-11,4.01,4.41,3.94,4.06,3847515,4.105,0.05,1.25,NASDAQ,,Frontier
ULCC,2024-09-12,4.19,4.48,4.12,4.41,2871700,4.3,0.22,5.25,NASDAQ,,Frontier
ULCC,2024-09-13,4.41,4.56,4.23,4.31,4505098,4.3775,-0.1,-2.27,NASDAQ,,Frontier
ULCC,2024-09-16,4.39,4.63,4.34,4.37,2672302,4.4325,-0.02,-0.45558,NASDAQ,,Frontier
ULCC,2024-09-17,4.46,4.69,4.45,4.49,2323200,4.5225,0.03,0.67265,NASDAQ,,Frontier
ULCC,2024-09-18,4.57,4.64,4.39,4.39,4126374,4.4975,-0.18,-3.94,NASDAQ,,Frontier
ULCC,2024-09-19,4.54,4.59,4.28,4.3,2457400,4.4275,-0.24,-5.29,NASDAQ,,Frontier
ULCC,2024-09-20,4.3,4.43,4.3,4.36,4812814,4.3475,0.06,1.4,NASDAQ,,Frontier
ULCC,2024-09-23,4.34,4.38,4.18,4.2,2274997,4.275,-0.14,-3.23,NASDAQ,,Frontier
ULCC,2024-09-24,4.21,4.58,4.21,4.55,2566781,4.3875,0.34,8.08,NASDAQ,,Frontier
ULCC,2024-09-25,4.55,4.68,4.51,4.6,1591147,4.585,0.05,1.1,NASDAQ,,Frontier
ULCC,2024-09-26,4.72,4.99,4.72,4.85,2378300,4.82,0.13,2.75,NASDAQ,,Frontier
ULCC,2024-09-27,4.89,4.97,4.75,4.84,1740328,4.8625,-0.05,-1.02,NASDAQ,,Frontier
ULCC,2024-09-30,4.93,5.49,4.91,5.35,3851311,5.17,0.42,8.52,NASDAQ,,Frontier
ULCC,2024-10-01,5.32,5.36,5.05,5.28,2757744,5.2525,-0.04,-0.75188,NASDAQ,,Frontier
ULCC,2024-10-02,5.22,5.28,5.07,5.07,1597659,5.16,-0.15,-2.87,NASDAQ,,Frontier
ULCC,2024-10-03,5.06,5.13,4.9,4.99,2444042,5.02,-0.07,-1.38,NASDAQ,,Frontier
ULCC,2024-10-04,5.5,6.19,5.45,5.81,7166257,5.7375,0.31,5.64,NASDAQ,,Frontier
ULCC,2024-10-07,5.71,5.81,5.58,5.64,2519472,5.685,-0.07,-1.23,NASDAQ,,Frontier
ULCC,2024-10-08,5.66,5.9,5.66,5.83,2206192,5.7625,0.17,3.0,NASDAQ,,Frontier
ULCC,2024-10-09,5.83,6.15,5.79,5.92,2132000,5.9225,0.09,1.54,NASDAQ,,Frontier
ULCC,2024-10-10,5.81,5.94,5.79,5.84,1444169,5.845,0.03,0.51635,NASDAQ,,Frontier
ULCC,2024-10-11,5.84,5.9,5.72,5.77,1274546,5.8075,-0.07,-1.2,NASDAQ,,Frontier
ULCC,2024-10-14,5.78,6.09,5.76,6.01,1503100,5.91,0.23,3.98,NASDAQ,,Frontier
ULCC,2024-10-15,6.08,6.25,5.99,6.0,2381663,6.08,-0.08,-1.32,NASDAQ,,Frontier
ULCC,2024-10-16,6.08,6.34,6.06,6.22,2219700,6.175,0.14,2.3,NASDAQ,,Frontier
ULCC,2024-10-17,6.16,6.35,6.04,6.35,2187400,6.225,0.19,3.08,NASDAQ,,Frontier
ULCC,2024-10-18,6.4,7.08,6.31,6.99,4632305,6.695,0.59,9.22,NASDAQ,,Frontier
ULCC,2024-10-21,6.77,6.95,6.69,6.91,1925927,6.83,0.14,2.07,NASDAQ,,Frontier
ULCC,2024-10-22,6.82,6.87,6.66,6.72,1297210,6.7675,-0.1,-1.47,NASDAQ,,Frontier
ULCC,2024-10-23,7.0,7.07,6.64,6.85,3410885,6.89,-0.15,-2.14,NASDAQ,,Frontier
ULCC,2024-10-24,6.95,7.29,6.91,6.98,2412600,7.0325,0.03,0.43165,NASDAQ,,Frontier
ULCC,2024-10-25,7.03,7.1,6.89,7.03,1527300,7.0125,0.0,0.0,NASDAQ,,Frontier
ULCC,2024-10-28,7.21,7.32,7.1,7.27,2176619,7.225,0.06,0.83218,NASDAQ,,Frontier
ULCC,2024-10-29,7.01,7.1,5.68,6.22,6076000,6.5025,-0.79,-11.27,NASDAQ,,Frontier
ULCC,2024-10-30,6.2,6.48,6.15,6.25,2128600,6.27,0.045,0.80645,NASDAQ,,Frontier
ULCC,2024-10-31,6.16,6.19,5.86,6.08,2316561,6.0725,-0.08,-1.3,NASDAQ,,Frontier
ULCC,2024-11-01,6.2,6.25,5.96,5.97,1594017,6.095,-0.23,-3.71,NASDAQ,,Frontier
ULCC,2024-11-04,5.95,5.97,5.62,5.7,2293218,5.81,-0.25,-4.2,NASDAQ,,Frontier
ULCC,2024-11-05,5.68,6.01,5.68,5.77,2492672,5.785,0.09,1.58,NASDAQ,,Frontier
ULCC,2024-11-06,6.42,6.5,6.09,6.46,2743439,6.3675,0.04,0.62305,NASDAQ,,Frontier
ULCC,2024-11-07,6.43,6.51,6.34,6.43,1146000,6.4275,0.0,0.0,NASDAQ,,Frontier
ULCC,2024-11-08,6.43,6.83,6.37,6.75,1497400,6.595,0.32,4.98,NASDAQ,,Frontier
ULCC,2024-11-11,6.88,6.88,6.57,6.72,1759161,6.7625,-0.16,-2.33,NASDAQ,,Frontier
ULCC,2024-11-12,6.66,6.77,6.55,6.67,1674340,6.6625,0.01,0.15015,NASDAQ,,Frontier
ULCC,2024-11-13,6.84,7.21,6.42,6.55,3148126,6.755,-0.29,-4.24,NASDAQ,,Frontier
ULCC,2024-11-14,6.76,6.92,6.66,6.73,1747081,6.7675,-0.03,-0.44379,NASDAQ,,Frontier
ULCC,2024-11-15,6.84,6.96,6.68,6.8,1679300,6.82,-0.04,-0.5848,NASDAQ,,Frontier
ULCC,2024-11-18,6.7,6.78,5.45,5.55,7266400,6.12,-1.15,-17.16,NASDAQ,,Frontier
ULCC,2024-11-19,5.54,5.63,5.31,5.39,3597400,5.4675,-0.15,-2.71,NASDAQ,,Frontier
ULCC,2024-11-20,5.27,5.5,5.12,5.47,3323303,5.34,0.2,3.8,NASDAQ,,Frontier
ULCC,2024-11-21,5.47,5.68,5.44,5.55,2374240,5.535,0.08,1.46,NASDAQ,,Frontier
ULCC,2024-11-22,5.55,5.64,5.38,5.6,2603029,5.5425,0.05,0.9009,NASDAQ,,Frontier
ULCC,2024-11-25,5.73,5.99,5.68,5.75,2968245,5.7875,0.02,0.34904,NASDAQ,,Frontier
ULCC,2024-11-26,5.72,5.72,5.47,5.57,3279172,5.62,-0.15,-2.62,NASDAQ,,Frontier
ULCC,2024-11-27,5.52,5.73,5.49,5.69,2257511,5.6075,0.17,3.08,NASDAQ,,Frontier
ULCC,2024-11-29,5.7,5.94,5.65,5.83,1057000,5.78,0.13,2.28,NASDAQ,,Frontier
ULCC,2024-12-02,5.78,6.14,5.75,6.13,2785024,5.95,0.35,6.06,NASDAQ,,Frontier
ULCC,2024-12-03,6.16,6.16,5.72,5.8,2407313,5.96,-0.36,-5.84,NASDAQ,,Frontier
ULCC,2024-12-04,5.85,6.24,5.85,6.01,1857700,5.9875,0.16,2.74,NASDAQ,,Frontier
ULCC,2024-12-05,6.25,6.27,5.89,5.93,2336722,6.085,-0.32,-5.12,NASDAQ,,Frontier
ULCC,2024-12-06,6.07,6.19,5.78,5.81,2083700,5.9625,-0.26,-4.28,NASDAQ,,Frontier
ULCC,2024-12-09,5.89,6.03,5.71,5.92,2418027,5.8875,0.03,0.50934,NASDAQ,,Frontier
ULCC,2024-12-10,5.85,6.08,5.84,6.01,1282993,5.945,0.16,2.74,NASDAQ,,Frontier
ULCC,2024-12-11,6.2,7.04,6.18,6.89,5095054,6.5775,0.69,11.13,NASDAQ,,Frontier
ULCC,2024-12-12,6.89,7.07,6.47,6.48,3229800,6.7275,-0.41,-5.95,NASDAQ,,Frontier
ULCC,2024-12-13,6.51,6.61,6.29,6.31,5090300,6.43,-0.2,-3.07,NASDAQ,,Frontier
ULCC,2024-12-16,6.31,6.52,6.16,6.44,2353473,6.3575,0.13,2.06,NASDAQ,,Frontier
ULCC,2024-12-17,6.39,6.6,6.29,6.49,2228700,6.4425,0.1,1.56,NASDAQ,,Frontier
ULCC,2024-12-18,6.56,6.66,5.98,6.09,2594664,6.3225,-0.47,-7.16,NASDAQ,,Frontier
ULCC,2024-12-19,6.2,6.47,6.18,6.43,2193594,6.32,0.23,3.71,NASDAQ,,Frontier
ULCC,2024-12-20,6.33,6.85,6.3,6.75,3812472,6.5575,0.42,6.64,NASDAQ,,Frontier
ULCC,2024-12-23,6.66,7.13,6.64,7.12,2725816,6.8875,0.46,6.91,NASDAQ,,Frontier
ULCC,2024-12-24,7.13,7.17,6.99,7.14,1129600,7.1075,0.01,0.14025,NASDAQ,,Frontier
ULCC,2024-12-26,7.05,7.34,7.04,7.29,1793700,7.18,0.24,3.4,NASDAQ,,Frontier
ULCC,2024-12-27,7.22,7.33,7.0,7.17,2285700,7.18,-0.05,-0.69252,NASDAQ,,Frontier
ULCC,2024-12-30,6.96,7.18,6.86,7.1,1407200,7.025,0.14,2.01,NASDAQ,,Frontier
ULCC,2024-12-31,7.15,7.17,7.0,7.11,1510622,7.1075,-0.04,-0.55944,NASDAQ,,Frontier
ULCC,2025-01-02,7.17,7.29,6.84,7.23,2791409,7.1325,0.06,0.83682,NASDAQ,,Frontier
ULCC,2025-01-03,7.26,7.28,6.76,7.11,3195364,7.1025,-0.15,-2.07,NASDAQ,,Frontier
ULCC,2025-01-06,7.3,8.41,7.29,7.99,4865100,7.7475,0.69,9.45,NASDAQ,,Frontier
ULCC,2025-01-07,8.16,8.39,8.04,8.32,3173500,8.2275,0.16,1.96,NASDAQ,,Frontier
ULCC,2025-01-08,8.08,8.23,7.83,8.16,2640000,8.075,0.08,0.9901,NASDAQ,,Frontier
ULCC,2025-01-10,8.36,8.39,8.08,8.2,1811400,8.2575,-0.16,-1.91,NASDAQ,,Frontier
ULCC,2025-01-13,7.99,8.06,7.8,7.97,1500719,7.955,-0.02,-0.25031,NASDAQ,,Frontier
ULCC,2025-01-14,8.06,8.33,8.03,8.32,1769810,8.185,0.265,3.23,NASDAQ,,Frontier
ULCC,2025-01-15,8.38,8.43,8.2,8.24,1924957,8.3125,-0.14,-1.67,NASDAQ,,Frontier
ULCC,2025-01-16,8.33,8.39,8.05,8.26,1546245,8.2575,-0.07,-0.84034,NASDAQ,,Frontier
ULCC,2025-01-17,8.34,8.74,8.28,8.58,2844428,8.485,0.24,2.88,NASDAQ,,Frontier
ULCC,2025-01-21,8.72,8.85,8.42,8.53,2904305,8.63,-0.19,-2.18,NASDAQ,,Frontier
ULCC,2025-01-22,8.7,8.72,8.44,8.52,1918100,8.595,-0.18,-2.07,NASDAQ,,Frontier
ULCC,2025-01-23,8.39,8.55,8.17,8.35,1363633,8.365,-0.04,-0.47676,NASDAQ,,Frontier
ULCC,2025-01-24,8.24,8.52,8.09,8.42,1401102,8.3175,0.18,2.18,NASDAQ,,Frontier
ULCC,2025-01-27,8.24,8.62,8.18,8.37,1733550,8.3525,0.13,1.58,NASDAQ,,Frontier
ULCC,2025-01-28,8.28,8.31,7.53,7.78,3085725,7.975,-0.5,-6.04,NASDAQ,,Frontier
ULCC,2025-01-29,7.93,8.31,7.92,8.19,2525544,8.0875,0.26,3.28,NASDAQ,,Frontier
ULCC,2025-01-30,8.34,8.54,8.29,8.53,2421100,8.425,0.19,2.28,NASDAQ,,Frontier
ULCC,2025-01-31,8.55,8.7,8.38,8.43,3265400,8.515,-0.12,-1.4,NASDAQ,,Frontier
ULCC,2025-02-03,7.88,8.44,7.76,8.2,2473200,8.07,0.32,4.06,NASDAQ,,Frontier
ULCC,2025-02-04,8.11,8.23,7.95,8.15,2992041,8.11,0.04,0.49322,NASDAQ,,Frontier
ULCC,2025-02-05,8.15,8.17,7.82,7.84,3312314,7.995,-0.31,-3.8,NASDAQ,,Frontier
ULCC,2025-02-06,7.92,8.31,7.92,8.09,2440722,8.06,0.17,2.15,NASDAQ,,Frontier
ULCC,2025-02-07,9.3,9.67,9.0,9.34,5873200,9.3275,0.04,0.43011,NASDAQ,,Frontier
ULCC,2025-02-10,9.61,10.26,9.02,10.06,4622800,9.7375,0.45,4.68,NASDAQ,,Frontier
ULCC,2025-02-11,10.06,10.06,9.65,9.73,2295346,9.875,-0.33,-3.28,NASDAQ,,Frontier
ULCC,2025-02-12,9.53,9.63,9.13,9.25,6822244,9.385,-0.28,-2.94,NASDAQ,,Frontier
ULCC,2025-02-13,9.45,9.58,8.5,8.52,4325500,9.0125,-0.93,-9.84,NASDAQ,,Frontier
ULCC,2025-02-14,8.7,8.88,8.36,8.85,4001081,8.6975,0.15,1.72,NASDAQ,,Frontier
ULCC,2025-02-18,8.84,9.44,8.63,9.28,4062635,9.0475,0.44,4.98,NASDAQ,,Frontier
ULCC,2025-02-19,9.22,9.25,8.81,8.82,2067800,9.025,-0.4,-4.34,NASDAQ,,Frontier
ULCC,2025-02-20,8.77,8.84,8.27,8.72,3206732,8.65,-0.05,-0.57013,NASDAQ,,Frontier
ULCC,2025-02-21,8.8,8.89,7.88,7.94,3873203,8.3775,-0.86,-9.77,NASDAQ,,Frontier
ULCC,2025-02-24,7.97,8.05,7.64,7.69,2648713,7.8375,-0.28,-3.51,NASDAQ,,Frontier
ULCC,2025-02-25,7.71,7.8,7.19,7.5,2594000,7.55,-0.21,-2.72,NASDAQ,,Frontier
ULCC,2025-02-26,7.64,7.73,7.52,7.53,2665210,7.605,-0.11,-1.44,NASDAQ,,Frontier
ULCC,2025-02-27,7.53,7.6,7.2,7.4,2978705,7.4325,-0.13,-1.73,NASDAQ,,Frontier
ULCC,2025-02-28,7.34,7.49,7.1,7.2,2899179,7.2825,-0.14,-1.91,NASDAQ,,Frontier
ULCC,2025-03-03,7.2,7.36,6.84,6.93,2683300,7.0825,-0.27,-3.75,NASDAQ,,Frontier
ULCC,2025-03-04,6.53,6.85,6.26,6.63,4933844,6.5675,0.1,1.53,NASDAQ,,Frontier
ULCC,2025-03-05,6.64,7.04,6.53,6.9,3856927,6.7775,0.26,3.92,NASDAQ,,Frontier
ULCC,2025-03-06,6.72,7.12,6.63,6.71,3058600,6.795,-0.01,-0.14881,NASDAQ,,Frontier
ULCC,2025-03-07,6.74,6.74,6.36,6.64,2207548,6.62,-0.1,-1.48,NASDAQ,,Frontier
ULCC,2025-03-10,6.42,6.42,5.68,6.04,4151900,6.14,-0.385,-5.92,NASDAQ,,Frontier
ULCC,2025-03-11,5.97,6.09,5.76,5.79,4592173,5.9025,-0.175,-3.02,NASDAQ,,Frontier
ULCC,2025-03-12,5.9,6.12,5.67,6.08,3665200,5.9425,0.18,3.05,NASDAQ,,Frontier
ULCC,2025-03-13,6.08,6.11,5.63,5.75,1939156,5.8925,-0.33,-5.43,NASDAQ,,Frontier
ULCC,2025-03-14,5.9,6.03,5.83,5.95,3109000,5.9275,0.05,0.84746,NASDAQ,,Frontier
ULCC,2025-03-17,5.97,6.23,5.94,6.15,2274926,6.0725,0.18,3.02,NASDAQ,,Frontier
ULCC,2025-03-18,6.08,6.1,5.81,5.94,2255671,5.9825,-0.14,-2.3,NASDAQ,,Frontier
ULCC,2025-03-19,5.94,6.11,5.89,5.96,2100621,5.975,0.02,0.3367,NASDAQ,,Frontier
ULCC,2025-03-20,5.78,5.86,5.51,5.52,2561832,5.6675,-0.26,-4.5,NASDAQ,,Frontier
ULCC,2025-03-21,5.36,5.52,5.29,5.47,2701100,5.41,0.11,2.05,NASDAQ,,Frontier
ULCC,2025-03-24,5.55,5.78,5.54,5.67,2502900,5.635,0.12,2.16,NASDAQ,,Frontier
ULCC,2025-03-25,5.67,5.71,5.32,5.34,2448700,5.51,-0.33,-5.82,NASDAQ,,Frontier
ULCC,2025-03-26,5.36,5.42,5.08,5.26,2396129,5.28,-0.1,-1.87,NASDAQ,,Frontier
ULCC,2025-03-27,5.27,5.27,5.07,5.11,2395000,5.18,-0.16,-3.04,NASDAQ,,Frontier
ULCC,2025-03-28,5.05,5.13,4.75,4.8,5667900,4.9325,-0.25,-4.95,NASDAQ,,Frontier
ULCC,2025-03-31,4.66,4.73,4.06,4.34,7248200,4.4475,-0.32,-6.87,NASDAQ,,Frontier
ULCC,2025-04-01,4.26,4.41,4.25,4.32,3598628,4.31,0.06,1.41,NASDAQ,,Frontier
ULCC,2025-04-02,4.22,4.41,4.21,4.32,3737220,4.29,0.1,2.37,NASDAQ,,Frontier
ULCC,2025-04-03,4.2,4.2,3.7,3.8,5593310,3.975,-0.4,-9.52,NASDAQ,,Frontier
ULCC,2025-04-04,3.61,3.69,3.1,3.46,6863100,3.465,-0.155,-4.16,NASDAQ,,Frontier
ULCC,2025-04-07,3.2,3.75,3.12,3.58,6100205,3.4125,0.38,11.87,NASDAQ,,Frontier
ULCC,2025-04-08,3.76,3.8,3.24,3.3,6381700,3.525,-0.46,-12.23,NASDAQ,,Frontier
ULCC,2025-04-09,3.26,4.26,3.26,4.08,6973600,3.715,0.82,25.15,NASDAQ,,Frontier
ULCC,2025-04-10,3.87,3.94,3.52,3.57,4354400,3.725,-0.3,-7.75,NASDAQ,,Frontier
ULCC,2025-04-11,3.56,3.56,3.03,3.37,10111012,3.38,-0.19,-5.34,NASDAQ,,Frontier
ULCC,2025-04-14,3.42,3.5,3.13,3.16,5850931,3.3025,-0.26,-7.6,NASDAQ,,Frontier
ULCC,2025-04-15,3.12,3.36,3.12,3.18,4711218,3.195,0.06,1.92,NASDAQ,,Frontier
ULCC,2025-04-16,3.15,3.21,3.04,3.09,4124319,3.1225,-0.06,-1.9,NASDAQ,,Frontier
ULCC,2025-04-17,3.08,3.21,3.04,3.17,3319307,3.125,0.09,2.92,NASDAQ,,Frontier
ULCC,2025-04-21,3.12,3.14,3.01,3.06,4044406,3.0825,-0.06,-1.92,NASDAQ,,Frontier
ULCC,2025-04-22,3.07,3.2,3.07,3.17,3300800,3.1275,0.1,3.26,NASDAQ,,Frontier
ULCC,2025-04-23,3.4,3.65,3.2,3.21,5327802,3.365,-0.19,-5.59,NASDAQ,,Frontier
ULCC,2025-04-24,3.16,3.25,3.09,3.23,3685207,3.1825,0.07,2.22,NASDAQ,,Frontier
ULCC,2025-04-25,3.19,3.26,3.12,3.23,4062723,3.2,0.04,1.25,NASDAQ,,Frontier
ULCC,2025-04-28,3.23,3.38,3.14,3.19,4777925,3.235,-0.04,-1.24,NASDAQ,,Frontier
ULCC,2025-04-29,3.15,3.25,3.06,3.13,4596500,3.1475,-0.02,-0.63492,NASDAQ,,Frontier
ULCC,2025-04-30,3.05,3.1,2.89,2.98,5043600,3.005,-0.07,-2.3,NASDAQ,,Frontier
ULCC,2025-05-01,2.99,3.2,2.98,3.11,5374645,3.07,0.12,4.01,NASDAQ,,Frontier
ULCC,2025-05-02,3.11,3.37,2.97,3.36,6902317,3.2025,0.25,8.04,NASDAQ,,Frontier
ULCC,2025-05-05,3.3,3.68,3.25,3.52,5010752,3.4375,0.215,6.67,NASDAQ,,Frontier
ULCC,2025-05-06,3.38,3.5,3.36,3.43,2893900,3.4175,0.05,1.48,NASDAQ,,Frontier
ULCC,2025-05-07,3.45,3.57,3.39,3.49,2938282,3.475,0.04,1.16,NASDAQ,,Frontier
ULCC,2025-05-08,3.54,3.88,3.49,3.73,4722520,3.66,0.19,5.37,NASDAQ,,Frontier
ULCC,2025-05-09,3.72,3.92,3.65,3.88,5392663,3.7925,0.16,4.3,NASDAQ,,Frontier
ULCC,2025-05-12,4.25,4.5,4.11,4.16,4479000,4.255,-0.09,-2.12,NASDAQ,,Frontier
ULCC,2025-05-13,4.18,4.47,4.18,4.39,4286301,4.305,0.21,5.02,NASDAQ,,Frontier
ULCC,2025-05-14,4.36,4.45,4.2,4.23,3334400,4.31,-0.13,-2.98,NASDAQ,,Frontier
ULCC,2025-05-15,4.15,4.2,3.94,4.09,3258956,4.095,-0.06,-1.45,NASDAQ,,Frontier
ULCC,2025-05-16,4.11,4.22,4.05,4.17,2553900,4.1375,0.06,1.46,NASDAQ,,Frontier
ULCC,2025-05-19,4.02,4.14,3.95,4.01,2426676,4.03,-0.01,-0.24876,NASDAQ,,Frontier
ULCC,2025-05-20,4.0,4.2,3.9,4.03,4122500,4.0325,0.03,0.75,NASDAQ,,Frontier
ULCC,2025-05-21,3.99,4.08,3.71,3.73,3327044,3.8775,-0.26,-6.52,NASDAQ,,Frontier
ULCC,2025-05-22,3.69,3.83,3.67,3.75,2912400,3.735,0.06,1.63,NASDAQ,,Frontier
ULCC,2025-05-23,3.6,3.72,3.6,3.67,1869729,3.6475,0.07,1.94,NASDAQ,,Frontier
ULCC,2025-05-27,3.82,4.18,3.79,4.16,5946018,3.9875,0.34,8.9,NASDAQ,,Frontier
ULCC,2025-05-28,4.16,4.16,4.04,4.13,2523346,4.1225,-0.03,-0.72115,NASDAQ,,Frontier
ULCC,2025-05-29,4.24,4.38,4.05,4.09,2984546,4.19,-0.15,-3.54,NASDAQ,,Frontier
ULCC,2025-05-30,4.05,4.15,4.01,4.02,2748320,4.0575,-0.03,-0.74074,NASDAQ,,Frontier
ULCC,2025-06-02,4.04,4.04,3.84,4.01,3155600,3.9825,-0.03,-0.74257,NASDAQ,,Frontier
ULCC,2025-06-03,4.01,4.09,3.92,4.04,2336832,4.015,0.03,0.74813,NASDAQ,,Frontier
ULCC,2025-06-04,4.07,4.1,3.95,3.96,1490879,4.02,-0.11,-2.7,NASDAQ,,Frontier
ULCC,2025-06-05,3.93,3.98,3.78,3.81,3057747,3.875,-0.12,-3.05,NASDAQ,,Frontier
ULCC,2025-06-06,3.9,4.03,3.85,4.01,2363672,3.9475,0.11,2.82,NASDAQ,,Frontier
ULCC,2025-06-09,4.1,4.21,3.99,3.99,1984738,4.0725,-0.11,-2.68,NASDAQ,,Frontier
ULCC,2025-06-10,4.02,4.1,3.91,4.03,2550124,4.015,0.01,0.24876,NASDAQ,,Frontier
ULCC,2025-06-11,4.1,4.11,3.84,3.88,3550900,3.9825,-0.22,-5.37,NASDAQ,,Frontier
ULCC,2025-06-12,3.8,3.87,3.73,3.75,3145225,3.7875,-0.05,-1.32,NASDAQ,,Frontier
ULCC,2025-06-13,3.56,3.61,3.33,3.43,10582600,3.4825,-0.13,-3.65,NASDAQ,,Frontier
ULCC,2025-06-16,3.52,3.71,3.43,3.59,4405722,3.5625,0.07,1.99,NASDAQ,,Frontier
ULCC,2025-06-17,3.5,3.59,3.39,3.42,3731000,3.475,-0.085,-2.29,NASDAQ,,Frontier
ULCC,2025-06-18,3.42,3.55,3.36,3.37,3810081,3.425,-0.05,-1.46,NASDAQ,,Frontier
ULCC,2025-06-20,3.42,3.46,3.36,3.38,3708947,3.405,-0.04,-1.17,NASDAQ,,Frontier
ULCC,2025-06-23,3.34,3.54,3.24,3.51,5613425,3.4075,0.165,5.09,NASDAQ,,Frontier
ULCC,2025-06-24,3.59,3.79,3.57,3.77,5080500,3.68,0.18,5.01,NASDAQ,,Frontier
ULCC,2025-06-25,3.8,3.82,3.57,3.62,3546201,3.7025,-0.18,-4.74,NASDAQ,,Frontier
ULCC,2025-06-26,3.62,3.71,3.57,3.61,2015200,3.6275,-0.01,-0.27624,NASDAQ,,Frontier
ULCC,2025-06-27,3.63,3.73,3.58,3.61,9186528,3.6375,-0.02,-0.55096,NASDAQ,,Frontier
ULCC,2025-06-30,3.63,3.66,3.6,3.63,2174100,3.63,0.0,0.0,NASDAQ,,Frontier
ULCC,2025-07-01,3.6,4.03,3.57,3.91,4982538,3.7775,0.31,8.61,NASDAQ,,Frontier
ULCC,2025-07-02,3.91,4.12,3.84,4.01,3466700,3.97,0.1,2.56,NASDAQ,,Frontier
ULCC,2025-07-03,4.06,4.23,3.99,4.15,2434713,4.1075,0.09,2.22,NASDAQ,,Frontier
ULCC,2025-07-07,4.01,4.17,3.93,3.96,3656137,4.0175,-0.05,-1.25,NASDAQ,,Frontier
ULCC,2025-07-08,3.99,4.15,3.97,3.98,2515217,4.0225,-0.01,-0.25063,NASDAQ,,Frontier
ULCC,2025-07-09,4.06,4.13,3.96,4.01,2192516,4.04,-0.05,-1.23,NASDAQ,,Frontier
ULCC,2025-07-10,4.23,4.53,4.06,4.36,5680191,4.295,0.13,3.07,NASDAQ,,Frontier
ULCC,2025-07-11,4.28,4.32,4.14,4.16,2279000,4.225,-0.12,-2.8,NASDAQ,,Frontier
ULCC,2025-07-14,4.12,4.21,4.03,4.15,2362700,4.1275,0.03,0.72816,NASDAQ,,Frontier
ULCC,2025-07-15,4.2,4.22,4.06,4.08,2229200,4.14,-0.12,-2.86,NASDAQ,,Frontier
ULCC,2025-07-16,4.12,4.2,3.98,4.16,2939239,4.115,0.04,0.97087,NASDAQ,,Frontier
ULCC,2025-07-17,4.19,4.39,4.17,4.19,3604300,4.235,0.0,0.0,NASDAQ,,Frontier
ULCC,2025-07-18,4.23,4.23,4.06,4.12,2126400,4.16,-0.11,-2.6,NASDAQ,,Frontier
ULCC,2025-07-21,4.2,4.22,4.1,4.14,2182652,4.165,-0.06,-1.43,NASDAQ,,Frontier
ULCC,2025-07-22,4.16,4.34,4.14,4.27,3334794,4.2275,0.11,2.64,NASDAQ,,Frontier
ULCC,2025-07-23,4.35,4.65,4.3,4.59,4051600,4.4725,0.24,5.52,NASDAQ,,Frontier
ULCC,2025-07-24,4.45,4.56,4.31,4.37,4402981,4.4225,-0.08,-1.8,NASDAQ,,Frontier
ULCC,2025-07-25,4.37,4.43,4.32,4.42,2951678,4.385,0.05,1.14,NASDAQ,,Frontier
ULCC,2025-07-28,4.42,4.54,4.33,4.52,2829900,4.4525,0.1,2.26,NASDAQ,,Frontier
ULCC,2025-07-29,4.62,4.93,4.5,4.54,5564609,4.6475,-0.08,-1.73,NASDAQ,,Frontier
ULCC,2025-07-30,4.53,4.55,4.28,4.4,3241800,4.44,-0.13,-2.87,NASDAQ,,Frontier
ULCC,2025-07-31,4.32,4.47,4.26,4.38,2368030,4.3575,0.06,1.39,NASDAQ,,Frontier
ULCC,2025-08-01,4.18,4.21,3.95,3.97,4304200,4.0775,-0.21,-5.02,NASDAQ,,Frontier
ULCC,2025-08-04,4.02,4.11,4.0,4.09,2604500,4.055,0.07,1.74,NASDAQ,,Frontier
ULCC,2025-08-05,3.9,3.92,3.31,3.45,9874900,3.645,-0.455,-11.54,NASDAQ,,Frontier
ULCC,2025-08-06,3.43,3.45,3.15,3.36,9318845,3.3475,-0.075,-2.04,NASDAQ,,Frontier
ULCC,2025-08-07,3.3,3.33,3.26,3.32,3506500,3.3025,0.02,0.60606,NASDAQ,,Frontier
ULCC,2025-08-08,3.36,3.53,3.3,3.34,3551137,3.3825,-0.02,-0.59524,NASDAQ,,Frontier
ULCC,2025-08-11,3.32,3.42,3.27,3.31,4052200,3.33,-0.01,-0.3012,NASDAQ,,Frontier
ULCC,2025-08-12,3.38,4.33,3.36,4.29,13778033,3.84,0.91,26.92,NASDAQ,,Frontier
ULCC,2025-08-13,4.32,4.69,4.15,4.62,8044200,4.445,0.3,6.94,NASDAQ,,Frontier
ULCC,2025-08-14,4.5,4.53,4.31,4.43,5043049,4.4425,-0.07,-1.56,NASDAQ,,Frontier
ULCC,2025-08-15,4.5,4.68,4.36,4.52,4809832,4.515,0.02,0.44444,NASDAQ,,Frontier
ULCC,2025-08-18,4.56,4.88,4.49,4.77,5698132,4.675,0.21,4.61,NASDAQ,,Frontier
ULCC,2025-08-19,4.76,4.9,4.6,4.61,3218900,4.7175,-0.15,-3.15,NASDAQ,,Frontier
ULCC,2025-08-20,4.51,4.55,4.21,4.26,3750100,4.3825,-0.25,-5.54,NASDAQ,,Frontier
ULCC,2025-08-21,4.19,4.22,4.08,4.15,2998030,4.16,-0.04,-0.95465,NASDAQ,,Frontier
ULCC,2025-08-22,4.1,4.69,4.1,4.56,4379207,4.3625,0.46,11.22,NASDAQ,,Frontier
ULCC,2025-08-25,4.48,4.49,4.34,4.37,2908313,4.42,-0.11,-2.46,NASDAQ,,Frontier
ULCC,2025-08-26,4.41,4.86,4.39,4.85,4410634,4.6275,0.44,9.98,NASDAQ,,Frontier
ULCC,2025-08-27,4.85,4.99,4.71,4.79,4671600,4.835,-0.06,-1.24,NASDAQ,,Frontier
ULCC,2025-08-28,4.82,4.88,4.67,4.71,2692106,4.77,-0.11,-2.28,NASDAQ,,Frontier
ULCC,2025-08-29,4.71,4.92,4.61,4.9,4619948,4.785,0.19,4.03,NASDAQ,,Frontier
ULCC,2025-09-02,5.63,6.05,5.49,5.61,8846210,5.695,-0.02,-0.35524,NASDAQ,,Frontier
ULCC,2025-09-03,5.52,5.89,5.5,5.58,5562509,5.6225,0.06,1.09,NASDAQ,,Frontier
ULCC,2025-09-04,5.62,5.73,5.09,5.18,6106300,5.405,-0.44,-7.83,NASDAQ,,Frontier
ULCC,2025-09-05,5.25,5.52,5.1,5.18,4773216,5.2625,-0.065,-1.33,NASDAQ,,Frontier
ULCC,2025-09-08,5.23,5.39,5.12,5.38,3316421,5.28,0.15,2.87,NASDAQ,,Frontier
ULCC,2025-09-09,5.43,5.45,5.06,5.08,4581500,5.255,-0.35,-6.45,NASDAQ,,Frontier
ULCC,2025-09-10,5.08,5.27,5.0,5.14,3957712,5.1225,0.065,1.18,NASDAQ,,Frontier
ULCC,2025-09-11,5.21,5.44,5.15,5.38,3984261,5.295,0.17,3.26,NASDAQ,,Frontier
ULCC,2025-09-12,5.38,5.49,5.17,5.18,5670786,5.305,-0.2,-3.72,NASDAQ,,Frontier
ULCC,2025-09-15,5.22,5.48,5.15,5.28,3229061,5.2825,0.06,1.15,NASDAQ,,Frontier
ULCC,2025-09-16,5.29,5.55,5.22,5.41,3325011,5.3675,0.12,2.27,NASDAQ,,Frontier
ULCC,2025-09-17,5.42,5.71,5.33,5.42,4422408,5.47,0.0,0.0,NASDAQ,,Frontier
ULCC,2025-09-18,5.5,5.56,5.25,5.27,3254534,5.395,-0.23,-4.18,NASDAQ,,Frontier
ULCC,2025-09-19,5.29,5.33,5.04,5.19,4063040,5.2125,-0.1,-1.89,NASDAQ,,Frontier
ULCC,2025-09-22,5.09,5.43,5.08,5.38,2744612,5.245,0.29,5.7,NASDAQ,,Frontier
ULCC,2025-09-23,5.41,5.56,5.15,5.19,3201623,5.3275,-0.215,-4.07,NASDAQ,,Frontier
ULCC,2025-09-24,5.24,5.35,5.13,5.14,1739021,5.215,-0.1,-1.91,NASDAQ,,Frontier
ULCC,2025-09-25,5.09,5.1,4.76,4.77,4172200,4.93,-0.32,-6.29,NASDAQ,,Frontier
ULCC,2025-09-26,4.81,5.08,4.81,4.9,3038200,4.9,0.09,1.87,NASDAQ,,Frontier
ULCC,2025-09-29,4.96,5.02,4.8,4.82,2261411,4.9,-0.14,-2.82,NASDAQ,,Frontier
ULCC,2025-09-30,4.8,4.89,4.21,4.42,5579000,4.58,-0.385,-7.92,NASDAQ,,Frontier
ULCC,2025-10-01,4.39,4.44,4.16,4.18,4316020,4.2925,-0.205,-4.78,NASDAQ,,Frontier
ULCC,2025-10-02,4.2,4.38,4.14,4.35,3994000,4.2675,0.15,3.57,NASDAQ,,Frontier
ULCC,2025-10-03,4.4,4.65,4.36,4.58,3696747,4.4975,0.18,4.09,NASDAQ,,Frontier
ULCC,2025-10-06,4.6,4.66,4.43,4.64,2770292,4.5825,0.04,0.86957,NASDAQ,,Frontier
ULCC,2025-10-07,4.64,4.66,4.35,4.4,4302183,4.5125,-0.24,-5.17,NASDAQ,,Frontier
ULCC,2025-10-08,4.41,4.49,4.31,4.4,3305900,4.4025,-0.01,-0.22676,NASDAQ,,Frontier
ULCC,2025-10-09,4.56,4.69,4.13,4.14,6703328,4.38,-0.42,-9.21,NASDAQ,,Frontier
ULCC,2025-10-10,4.16,4.25,3.93,3.95,5543500,4.0725,-0.21,-5.05,NASDAQ,,Frontier
ULCC,2025-10-13,4.08,4.22,4.05,4.11,2610035,4.115,0.03,0.73529,NASDAQ,,Frontier
ULCC,2025-10-14,4.0,4.46,3.99,4.39,4274924,4.21,0.39,9.75,NASDAQ,,Frontier
ULCC,2025-10-15,4.47,4.47,4.32,4.42,2744317,4.42,-0.05,-1.12,NASDAQ,,Frontier
ULCC,2025-10-16,4.43,4.44,4.15,4.26,3295800,4.32,-0.17,-3.84,NASDAQ,,Frontier
ULCC,2025-10-17,4.19,4.3,4.08,4.08,2748600,4.1625,-0.11,-2.63,NASDAQ,,Frontier
ULCC,2025-10-20,4.2,4.46,4.11,4.35,4237000,4.28,0.15,3.57,NASDAQ,,Frontier
ULCC,2025-10-21,4.31,4.46,4.29,4.36,3449642,4.355,0.05,1.16,NASDAQ,,Frontier
ULCC,2025-10-22,4.36,4.41,4.19,4.27,2403400,4.3075,-0.09,-2.06,NASDAQ,,Frontier
ULCC,2025-10-23,4.32,4.34,4.11,4.16,2921115,4.2325,-0.16,-3.7,NASDAQ,,Frontier
ULCC,2025-10-24,4.24,4.35,4.12,4.15,5107218,4.215,-0.09,-2.12,NASDAQ,,Frontier
ULCC,2025-10-27,4.2,4.36,4.16,4.35,3030932,4.2675,0.15,3.57,NASDAQ,,Frontier
ULCC,2025-10-28,4.35,4.35,3.97,3.99,4401400,4.165,-0.36,-8.28,NASDAQ,,Frontier
ULCC,2025-10-29,3.99,4.02,3.73,3.82,6230469,3.89,-0.17,-4.26,NASDAQ,,Frontier
ULCC,2025-10-30,3.77,3.86,3.65,3.68,4058548,3.74,-0.09,-2.39,NASDAQ,,Frontier
ULCC,2025-10-31,3.68,3.88,3.64,3.86,3025900,3.765,0.18,4.89,NASDAQ,,Frontier
ULCC,2025-11-03,3.88,3.88,3.59,3.7,4560400,3.7625,-0.175,-4.64,NASDAQ,,Frontier
ULCC,2025-11-04,3.63,3.71,3.55,3.6,3450300,3.6225,-0.03,-0.82645,NASDAQ,,Frontier
ULCC,2025-11-05,3.65,3.88,3.6,3.85,4201500,3.745,0.2,5.48,NASDAQ,,Frontier
ULCC,2025-11-06,3.93,4.04,3.63,3.89,5434988,3.8725,-0.04,-1.02,NASDAQ,,Frontier
ULCC,2025-11-07,3.84,4.05,3.74,3.93,4774327,3.89,0.09,2.34,NASDAQ,,Frontier
ULCC,2025-11-10,4.04,4.14,3.78,3.81,4381019,3.9425,-0.23,-5.69,NASDAQ,,Frontier
ULCC,2025-11-11,3.85,3.86,3.7,3.79,2139335,3.8,-0.06,-1.56,NASDAQ,,Frontier
ULCC,2025-11-12,3.83,4.06,3.82,4.06,3083500,3.9425,0.23,6.01,NASDAQ,,Frontier
ULCC,2025-11-13,4.02,4.09,3.95,4.05,2715400,4.0275,0.03,0.74627,NASDAQ,,Frontier
ULCC,2025-11-14,3.94,4.04,3.82,3.92,2802901,3.93,-0.02,-0.50761,NASDAQ,,Frontier
ULCC,2025-11-17,3.95,3.97,3.6,3.69,3912500,3.8025,-0.265,-6.58,NASDAQ,,Frontier
ULCC,2025-11-18,3.63,3.76,3.58,3.73,3573827,3.675,0.1,2.75,NASDAQ,,Frontier
ULCC,2025-11-19,3.78,3.85,3.69,3.75,3404000,3.7675,-0.03,-0.79365,NASDAQ,,Frontier
ULCC,2025-11-20,3.82,3.95,3.68,3.74,3558429,3.7975,-0.08,-2.09,NASDAQ,,Frontier
ULCC,2025-11-21,3.75,3.94,3.71,3.79,5288878,3.7975,0.04,1.07,NASDAQ,,Frontier
ULCC,2025-11-24,3.77,3.9,3.7,3.87,5366821,3.81,0.1,2.65,NASDAQ,,Frontier
ULCC,2025-11-25,3.9,4.24,3.87,4.18,6333300,4.0475,0.285,7.18,NASDAQ,,Frontier
ULCC,2025-11-26,4.18,4.6,4.15,4.44,5354204,4.3425,0.26,6.22,NASDAQ,,Frontier
ULCC,2025-11-28,4.43,4.59,4.42,4.56,2135000,4.5,0.13,2.93,NASDAQ,,Frontier
ULCC,2025-12-01,4.45,4.63,4.41,4.62,5043227,4.5275,0.17,3.82,NASDAQ,,Frontier
ULCC,2025-12-02,4.6,4.88,4.52,4.76,3828300,4.69,0.16,3.48,NASDAQ,,Frontier
ULCC,2025-12-03,4.77,5.02,4.77,4.89,4557352,4.8625,0.12,2.52,NASDAQ,,Frontier
ULCC,2025-12-04,4.78,5.06,4.71,4.98,3815916,4.8825,0.2,4.18,NASDAQ,,Frontier
ULCC,2025-12-05,4.95,5.2,4.95,5.17,4129174,5.0675,0.22,4.44,NASDAQ,,Frontier
ULCC,2025-12-08,5.17,5.63,5.17,5.56,7493000,5.3825,0.39,7.54,NASDAQ,,Frontier
ULCC,2025-12-09,5.45,5.55,5.28,5.48,5076400,5.44,0.03,0.55046,NASDAQ,,Frontier
ULCC,2025-12-10,5.48,6.02,5.45,5.83,6579535,5.695,0.35,6.39,NASDAQ,,Frontier
ULCC,2025-12-11,5.79,5.95,5.52,5.79,5168200,5.7625,0.0,0.0,NASDAQ,,Frontier
ULCC,2025-12-12,5.87,6.0,5.73,5.74,7265888,5.835,-0.13,-2.21,NASDAQ,,Frontier
ULCC,2025-12-15,5.79,5.88,5.55,5.76,3246500,5.745,-0.03,-0.51813,NASDAQ,,Frontier
ULCC,2025-12-16,5.45,5.53,4.89,5.12,7504200,5.2475,-0.335,-6.06,NASDAQ,,Frontier
ULCC,2025-12-17,5.48,5.57,5.08,5.09,5354400,5.305,-0.395,-7.12,NASDAQ,,Frontier
ULCC,2025-12-18,5.17,5.22,4.97,4.98,3929521,5.085,-0.19,-3.68,NASDAQ,,Frontier
ULCC,2025-12-19,4.97,5.08,4.88,4.9,5493904,4.9575,-0.07,-1.41,NASDAQ,,Frontier
ULCC,2025-12-22,4.91,5.06,4.9,5.06,2455703,4.9825,0.15,3.05,NASDAQ,,Frontier
ULCC,2025-12-23,4.98,5.03,4.84,4.84,2285903,4.9225,-0.14,-2.81,NASDAQ,,Frontier
ULCC,2025-12-24,4.85,4.91,4.8,4.84,1077023,4.85,-0.01,-0.20619,NASDAQ,,Frontier
ULCC,2025-12-26,4.83,4.85,4.67,4.71,2770900,4.765,-0.12,-2.48,NASDAQ,,Frontier
ULCC,2025-12-29,4.64,4.76,4.58,4.71,2924157,4.6725,0.07,1.51,NASDAQ,,Frontier
ULCC,2025-12-30,4.7,4.76,4.68,4.7,2228882,4.71,0.0,0.0,NASDAQ,,Frontier
ULCC,2025-12-31,4.67,4.75,4.6,4.71,2650029,4.6825,0.04,0.85653,NASDAQ,,Frontier
ULCC,2026-01-02,4.75,4.77,4.51,4.57,3077617,4.65,-0.18,-3.79,NASDAQ,,Frontier
ULCC,2026-01-05,4.63,4.86,4.61,4.84,3063837,4.735,0.21,4.54,NASDAQ,,Frontier
ULCC,2026-01-06,4.65,4.87,4.65,4.78,3761200,4.7375,0.13,2.8,NASDAQ,,Frontier
ULCC,2026-01-07,4.83,4.97,4.72,4.73,2652800,4.8125,-0.1,-2.07,NASDAQ,,Frontier
ULCC,2026-01-08,4.79,5.2,4.71,4.82,4776209,4.88,0.03,0.6263,NASDAQ,,Frontier
ULCC,2026-01-09,4.91,5.31,4.86,5.3,3928237,5.095,0.39,7.94,NASDAQ,,Frontier
ULCC,2026-01-12,5.32,5.37,5.16,5.29,4257827,5.285,-0.03,-0.56391,NASDAQ,,Frontier
ULCC,2026-01-13,5.2,5.25,5.0,5.07,3071027,5.13,-0.13,-2.5,NASDAQ,,Frontier
ULCC,2026-01-14,5.06,5.12,4.68,4.97,4404859,4.9575,-0.09,-1.78,NASDAQ,,Frontier
ULCC,2026-01-15,4.98,5.09,4.94,5.08,2295301,5.0225,0.1,2.01,NASDAQ,,Frontier
ULCC,2026-01-16,5.06,5.33,4.94,5.27,5349265,5.15,0.21,4.15,NASDAQ,,Frontier
